-5.06,0.040000000000000924,1.1500000000000001,1.1500000000000001
-5.06,-0.009999999999999787,1.1510864433221337,1.1510864433221337
-5.06,-0.05999999999999961,1.1500000000000001,1.1500000000000001
-5.06,-0.10999999999999943,1.1500000000000001,1.1500000000000001
-5.06,-0.15999999999999925,1.1500000000000001,1.1500000000000001
-5.01,-0.20999999999999908,1.2000000000000002,1.2000000000000002
-4.959999999999999,-0.2599999999999998,1.25,1.25
-4.959999999999999,-0.3099999999999996,1.25,1.25
-4.909999999999999,-0.35999999999999943,1.3,1.3
-4.859999999999999,-0.40999999999999925,1.35,1.35
-4.859999999999999,-0.4599999999999995,1.35,1.35
-4.81,-0.5099999999999993,1.3086252328302401,1.3086252328302401
-4.76,-0.5599999999999996,1.2658988901172163,1.2658988901172163
-4.709999999999999,-0.5599999999999996,1.2747548783981963,1.2747548783981963
-4.659999999999999,-0.6099999999999994,1.2369316876852983,1.2369316876852983
-4.609999999999999,-0.6099999999999994,1.25,1.25
-4.56,-0.6099999999999994,1.25,1.25
-4.51,-0.6599999999999993,1.2010412149464313,1.2010412149464313
-4.459999999999999,-0.6599999999999993,1.2041594578792296,1.2041594578792296
-4.41,-0.7099999999999995,1.1597413504743201,1.1597413504743201
-4.359999999999999,-0.7099999999999995,1.1672617529928753,1.1672617529928753
-4.31,-0.7099999999999995,1.176860229593982,1.176860229593982
-4.26,-0.7099999999999995,1.1884864324004714,1.1884864324004714
-4.209999999999999,-0.7599999999999993,1.1500000000000001,1.1500000000000001
-4.159999999999999,-0.7599999999999993,1.1500000000000001,1.1500000000000001
-4.109999999999999,-0.8099999999999996,1.1,1.1
-4.06,-0.8099999999999996,1.1,1.1
-4.01,-0.8099999999999996,1.1,1.1
-3.9599999999999995,-0.8099999999999996,1.1,1.1
-3.9099999999999993,-0.8099999999999996,1.1,1.1
-3.8599999999999994,-0.8099999999999996,1.1,1.1
-3.8099999999999996,-0.8599999999999994,1.05,1.05
-3.7599999999999993,-0.8599999999999994,1.05,1.05
-3.7099999999999995,-0.8599999999999994,1.05,1.05
-3.6599999999999993,-0.8599999999999994,1.05,1.05
-3.6099999999999994,-0.8599999999999994,1.05,1.05
-3.5599999999999996,-0.8599999999999994,1.05,1.05
-3.5099999999999993,-0.8599999999999994,1.05,1.05
-3.4599999999999995,-0.8599999999999994,1.05,1.05
-3.4099999999999993,-0.8599999999999994,1.05,1.05
-3.3599999999999994,-0.8599999999999994,1.05,1.05
-3.3099999999999996,-0.8599999999999994,1.05,1.05
-3.2599999999999993,-0.8599999999999994,1.05,1.05
-3.2099999999999995,-0.8599999999999994,1.05,1.05
-3.1599999999999993,-0.8599999999999994,1.05,1.05
-3.1099999999999994,-0.8599999999999994,1.05,1.05
-3.0599999999999996,-0.8599999999999994,1.05,1.05
-3.0099999999999993,-0.8599999999999994,1.05,1.05
-2.9599999999999995,-0.8599999999999994,1.05,1.05
-2.9099999999999993,-0.8599999999999994,1.05,1.05
-2.8599999999999994,-0.8599999999999994,1.05,1.05
-2.8099999999999996,-0.8599999999999994,1.05,1.05
-2.7599999999999993,-0.8599999999999994,1.05,1.05
-2.7099999999999995,-0.8599999999999994,1.05,1.05
-2.6599999999999993,-0.8599999999999994,1.05,1.05
-2.6099999999999994,-0.8599999999999994,1.05,1.05
-2.5599999999999996,-0.8599999999999994,1.05,1.05
-2.51,-0.8599999999999994,1.05,1.05
-2.459999999999999,-0.8599999999999994,1.05,1.05
-2.4099999999999993,-0.8599999999999994,1.05,1.05
-2.3599999999999994,-0.8599999999999994,1.05,1.05
-2.3099999999999996,-0.8599999999999994,1.05,1.05
-2.26,-0.8599999999999994,1.05,1.05
-2.209999999999999,-0.8599999999999994,1.05,1.05
-2.1599999999999993,-0.8599999999999994,1.05,1.05
-2.1099999999999994,-0.8599999999999994,1.05,1.05
-2.0599999999999996,-0.8599999999999994,1.05,1.05
-2.01,-0.8599999999999994,1.05,1.05
-1.959999999999999,-0.8599999999999994,1.05,1.05
-1.9099999999999993,-0.8599999999999994,1.05,1.05
-1.8599999999999994,-0.8599999999999994,1.05,1.05
-1.8099999999999996,-0.8599999999999994,1.05,1.05
-1.759999999999999,-0.8599999999999994,1.05,1.05
-1.709999999999999,-0.8599999999999994,1.05,1.05
-1.6599999999999993,-0.8599999999999994,1.05,1.05
-1.6099999999999994,-0.8599999999999994,1.05,1.05
-1.5599999999999996,-0.8599999999999994,1.05,1.05
-1.509999999999999,-0.8599999999999994,1.05,1.05
-1.459999999999999,-0.8599999999999994,1.05,1.05
-1.4099999999999993,-0.8599999999999994,1.05,1.05
-1.3599999999999994,-0.8599999999999994,1.05,1.05
-1.3099999999999996,-0.8599999999999994,1.05,1.05
-1.259999999999999,-0.8599999999999994,1.05,1.05
-1.209999999999999,-0.8599999999999994,1.05,1.05
-1.1599999999999993,-0.8599999999999994,1.05,1.05
-1.1099999999999994,-0.8599999999999994,1.05,1.05
-1.0599999999999996,-0.8599999999999994,1.05,1.05
-1.009999999999999,-0.8599999999999994,1.05,1.05
-0.9599999999999991,-0.8599999999999994,1.05,1.05
-0.9099999999999993,-0.8599999999999994,1.05,1.05
-0.8599999999999994,-0.8599999999999994,1.05,1.05
-0.8099999999999996,-0.8599999999999994,1.044030650891055,1.044030650891055
-0.7599999999999989,-0.8599999999999994,1.0307764064044151,1.0307764064044151
-0.7099999999999991,-0.8599999999999994,1.019803902718557,1.019803902718557
-0.6599999999999993,-0.8599999999999994,1.0111874208078342,1.0111874208078342
-0.6099999999999994,-0.8599999999999994,1.004987562112089,1.004987562112089
-0.5599999999999996,-0.8599999999999994,1.0012492197250393,1.0012492197250393
-0.5099999999999989,-0.8599999999999994,1.0,1.0
-0.4599999999999991,-0.8599999999999994,1.0,1.0
-0.40999999999999925,-0.8599999999999994,1.0,1.0
-0.35999999999999943,-0.8599999999999994,1.0,1.0
-0.3099999999999996,-0.8599999999999994,1.0,1.0
-0.2599999999999989,-0.8599999999999994,1.0,1.0
-0.20999999999999908,-0.8599999999999994,1.0,1.0
-0.15999999999999925,-0.8599999999999994,1.0,1.0
-0.10999999999999943,-0.8599999999999994,1.0,1.0
-0.05999999999999961,-0.8599999999999994,1.0,1.0
-0.009999999999998899,-0.8599999999999994,1.0,1.0
0.040000000000000924,-0.8599999999999994,0.9962429422585638,0.9962429422585638
0.09000000000000075,-0.8599999999999994,0.982344135219425,0.982344135219425
0.14000000000000057,-0.8599999999999994,0.97082439194738,0.97082439194738
0.1900000000000004,-0.8599999999999994,0.9617692030835672,0.9617692030835672
0.2400000000000011,-0.8599999999999994,0.95524865872714,0.95524865872714
0.2900000000000009,-0.8599999999999994,0.9513148795220223,0.9513148795220223
0.34000000000000075,-0.8599999999999994,0.9500000000000001,0.9500000000000001
0.39000000000000057,-0.8599999999999994,0.9500000000000001,0.9500000000000001
0.4400000000000004,-0.8599999999999994,0.9500000000000001,0.9500000000000001
0.4900000000000011,-0.8599999999999994,0.9500000000000001,0.9500000000000001
0.5400000000000009,-0.8599999999999994,0.9500000000000001,0.9500000000000001
0.5900000000000007,-0.8599999999999994,0.9500000000000001,0.9500000000000001
0.6400000000000006,-0.8599999999999994,0.9500000000000001,0.9500000000000001
0.6900000000000004,-0.8599999999999994,0.9500000000000001,0.9500000000000001
0.7400000000000011,-0.8599999999999994,0.9500000000000001,0.9500000000000001
0.7900000000000009,-0.8599999999999994,0.9500000000000001,0.9500000000000001
0.8400000000000007,-0.8599999999999994,0.9500000000000001,0.9500000000000001
0.8900000000000006,-0.8599999999999994,0.9500000000000001,0.9500000000000001
0.9400000000000004,-0.8599999999999994,0.9500000000000001,0.9500000000000001
0.9900000000000011,-0.8599999999999994,0.9500000000000001,0.9500000000000001
1.040000000000001,-0.8099999999999996,0.97082439194738,0.97082439194738
1.0900000000000007,-0.8099999999999996,0.982344135219425,0.982344135219425
1.1400000000000006,-0.8099999999999996,0.9962429422585638,0.9962429422585638
1.1900000000000004,-0.8099999999999996,1.0,1.0
1.240000000000001,-0.8099999999999996,1.0,1.0
1.290000000000001,-0.8099999999999996,1.0,1.0
1.3400000000000007,-0.8099999999999996,1.0,1.0
1.3900000000000006,-0.8099999999999996,0.9962429422585638,0.9962429422585638
1.4400000000000004,-0.8099999999999996,0.982344135219425,0.982344135219425
1.490000000000001,-0.8099999999999996,0.97082439194738,0.97082439194738
1.54,-0.8099999999999996,0.9617692030835672,0.9617692030835672
1.5900000000000007,-0.8099999999999996,0.95524865872714,0.95524865872714
1.6400000000000015,-0.8099999999999996,0.9513148795220223,0.9513148795220223
1.6900000000000004,-0.8099999999999996,0.9500000000000001,0.9500000000000001
1.740000000000001,-0.8099999999999996,0.9500000000000001,0.9500000000000001
1.79,-0.8099999999999996,0.9500000000000001,0.9500000000000001
1.8400000000000007,-0.8099999999999996,0.9500000000000001,0.9500000000000001
1.8900000000000015,-0.8099999999999996,0.9513148795220223,0.9513148795220223
1.9400000000000004,-0.8099999999999996,0.9500000000000001,0.9500000000000001
1.990000000000001,-0.8099999999999996,0.9513148795220223,0.9513148795220223
2.04,-0.8099999999999996,0.95524865872714,0.95524865872714
2.0900000000000007,-0.7599999999999993,1.0,1.0
2.1400000000000015,-0.7599999999999993,1.0,1.0
2.1900000000000004,-0.7599999999999993,1.0,1.0
2.240000000000001,-0.7599999999999993,1.0,1.0
2.29,-0.7599999999999993,1.0,1.0
2.3400000000000007,-0.7599999999999993,1.0,1.0
2.3900000000000015,-0.7599999999999993,1.0012492197250393,1.0012492197250393
2.4400000000000004,-0.7599999999999993,1.0,1.0
2.490000000000001,-0.7599999999999993,1.0,1.0
2.54,-0.7599999999999993,1.0,1.0
2.5900000000000007,-0.7599999999999993,1.0012492197250393,1.0012492197250393
2.6400000000000015,-0.7599999999999993,1.004987562112089,1.004987562112089
2.6900000000000004,-0.7599999999999993,1.0111874208078342,1.0111874208078342
2.740000000000001,-0.7599999999999993,1.019803902718557,1.019803902718557
2.79,-0.7599999999999993,1.0307764064044151,1.0307764064044151
2.8400000000000007,-0.7599999999999993,1.044030650891055,1.044030650891055
2.8900000000000015,-0.7599999999999993,1.05,1.05
2.9400000000000004,-0.7599999999999993,1.05,1.05
2.990000000000001,-0.7599999999999993,1.05,1.05
3.040000000000002,-0.8099999999999996,1.0,1.0
3.0900000000000007,-0.8099999999999996,1.0,1.0
3.1400000000000015,-0.8099999999999996,1.0,1.0
3.1900000000000004,-0.8099999999999996,1.0,1.0
3.240000000000001,-0.8099999999999996,1.0,1.0
3.290000000000002,-0.8099999999999996,1.0,1.0
3.3400000000000007,-0.8099999999999996,1.0012492197250393,1.0012492197250393
3.3900000000000015,-0.8099999999999996,1.0,1.0
3.4400000000000004,-0.8099999999999996,1.0012492197250393,1.0012492197250393
3.490000000000001,-0.8099999999999996,1.0012492197250393,1.0012492197250393
3.540000000000002,-0.8099999999999996,1.0,1.0
3.5900000000000007,-0.8099999999999996,1.0012492197250393,1.0012492197250393
3.6400000000000015,-0.8099999999999996,1.0,1.0
3.6900000000000004,-0.8099999999999996,1.0,1.0
3.740000000000001,-0.8599999999999994,0.9500000000000001,0.9500000000000001
3.790000000000002,-0.8599999999999994,0.9500000000000001,0.9500000000000001
3.8400000000000007,-0.8599999999999994,0.9500000000000001,0.9500000000000001
3.8900000000000015,-0.8599999999999994,0.9500000000000001,0.9500000000000001
3.9400000000000004,-0.8599999999999994,0.9500000000000001,0.9500000000000001
3.990000000000001,-0.8599999999999994,0.9500000000000001,0.9500000000000001
4.040000000000002,-0.8599999999999994,0.9500000000000001,0.9500000000000001
4.090000000000001,-0.8599999999999994,0.9500000000000001,0.9500000000000001
4.1400000000000015,-0.8599999999999994,0.9500000000000001,0.9500000000000001
4.19,-0.8599999999999994,0.9500000000000001,0.9500000000000001
4.240000000000001,-0.8599999999999994,0.9500000000000001,0.9500000000000001
4.290000000000002,-0.8599999999999994,0.9500000000000001,0.9500000000000001
4.340000000000001,-0.8599999999999994,0.9500000000000001,0.9500000000000001
4.3900000000000015,-0.8599999999999994,0.9500000000000001,0.9500000000000001
4.44,-0.8599999999999994,0.9500000000000001,0.9500000000000001
4.490000000000001,-0.8599999999999994,0.9500000000000001,0.9500000000000001
4.540000000000002,-0.8599999999999994,0.9500000000000001,0.9500000000000001
4.590000000000001,-0.8599999999999994,0.9500000000000001,0.9500000000000001
4.6400000000000015,-0.8599999999999994,0.9500000000000001,0.9500000000000001
4.69,-0.8099999999999996,0.9500000000000001,0.9500000000000001
4.740000000000001,-0.8099999999999996,0.9500000000000001,0.9500000000000001
4.790000000000002,-0.8099999999999996,0.9500000000000001,0.9500000000000001
4.840000000000001,-0.8099999999999996,0.9500000000000001,0.9500000000000001
4.8900000000000015,-0.8099999999999996,0.9500000000000001,0.9500000000000001
4.94,-0.8099999999999996,0.9513148795220223,0.9513148795220223
4.990000000000001,-0.8099999999999996,0.95524865872714,0.95524865872714
5.040000000000002,-0.8099999999999996,0.9617692030835672,0.9617692030835672
5.090000000000001,-0.8099999999999996,0.97082439194738,0.97082439194738
5.1400000000000015,-0.8099999999999996,0.97082439194738,0.97082439194738
5.19,-0.8099999999999996,0.9617692030835672,0.9617692030835672
5.240000000000001,-0.8099999999999996,0.95524865872714,0.95524865872714
5.290000000000002,-0.8099999999999996,0.9513148795220223,0.9513148795220223
5.340000000000001,-0.8099999999999996,0.9500000000000001,0.9500000000000001
5.3900000000000015,-0.8099999999999996,0.9500000000000001,0.9500000000000001
5.44,-0.8099999999999996,0.9500000000000001,0.9500000000000001
5.490000000000001,-0.8099999999999996,0.9500000000000001,0.9500000000000001
5.540000000000002,-0.8099999999999996,0.9500000000000001,0.9500000000000001
5.590000000000001,-0.8099999999999996,0.9500000000000001,0.9500000000000001
5.6400000000000015,-0.8099999999999996,0.9500000000000001,0.9500000000000001
5.69,-0.8099999999999996,0.9500000000000001,0.9500000000000001
5.740000000000001,-0.8099999999999996,0.9500000000000001,0.9500000000000001
5.790000000000002,-0.8099999999999996,0.9486832980505139,0.9486832980505139
5.840000000000001,-0.8099999999999996,0.9340770846134703,0.9340770846134703
5.8900000000000015,-0.8099999999999996,0.9219544457292888,0.9219544457292888
5.94,-0.8599999999999994,0.8631338250816034,0.8631338250816034
5.990000000000001,-0.8599999999999994,0.8558621384311845,0.8558621384311845
6.040000000000002,-0.8599999999999994,0.8514693182963202,0.8514693182963202
6.090000000000001,-0.8599999999999994,0.8500000000000001,0.8500000000000001
6.1400000000000015,-0.8599999999999994,0.8500000000000001,0.8500000000000001
6.19,-0.8599999999999994,0.8500000000000001,0.8500000000000001
6.240000000000001,-0.8599999999999994,0.8500000000000001,0.8500000000000001
6.290000000000002,-0.8599999999999994,0.8500000000000001,0.8500000000000001
6.340000000000001,-0.8599999999999994,0.8500000000000001,0.8500000000000001
6.3900000000000015,-0.8599999999999994,0.8500000000000001,0.8500000000000001
6.44,-0.8599999999999994,0.8500000000000001,0.8500000000000001
6.490000000000001,-0.8599999999999994,0.8500000000000001,0.8500000000000001
6.540000000000002,-0.8599999999999994,0.8500000000000001,0.8500000000000001
6.590000000000001,-0.8599999999999994,0.8500000000000001,0.8500000000000001
6.6400000000000015,-0.8599999999999994,0.8500000000000001,0.8500000000000001
6.69,-0.8599999999999994,0.8500000000000001,0.8500000000000001
6.740000000000001,-0.8599999999999994,0.8500000000000001,0.8500000000000001
6.790000000000002,-0.8599999999999994,0.8500000000000001,0.8500000000000001
6.840000000000001,-0.8599999999999994,0.8500000000000001,0.8500000000000001
6.8900000000000015,-0.8599999999999994,0.8500000000000001,0.8500000000000001
6.94,-0.8599999999999994,0.8500000000000001,0.8500000000000001
6.990000000000001,-0.8599999999999994,0.8500000000000001,0.8500000000000001
7.040000000000002,-0.8099999999999996,0.8500000000000001,0.8500000000000001
7.090000000000001,-0.8099999999999996,0.8500000000000001,0.8500000000000001
7.1400000000000015,-0.8099999999999996,0.8500000000000001,0.8500000000000001
7.19,-0.8599999999999994,0.8500000000000001,0.8500000000000001
7.240000000000001,-0.8599999999999994,0.8500000000000001,0.8500000000000001
7.290000000000002,-0.8599999999999994,0.8500000000000001,0.8500000000000001
7.340000000000001,-0.8599999999999994,0.8381527307120106,0.8381527307120106
7.3900000000000015,-0.8599999999999994,0.8246211251235321,0.8246211251235321
7.44,-0.8599999999999994,0.8139410298049854,0.8139410298049854
7.490000000000001,-0.8599999999999994,0.8062257748298549,0.8062257748298549
7.540000000000002,-0.8599999999999994,0.8015609770940699,0.8015609770940699
7.590000000000001,-0.8599999999999994,0.8,0.8
7.6400000000000015,-0.8599999999999994,0.8,0.8
7.69,-0.8599999999999994,0.8,0.8
7.740000000000001,-0.8599999999999994,0.8,0.8
7.790000000000002,-0.8599999999999994,0.8,0.8
7.840000000000001,-0.8599999999999994,0.8,0.8
7.8900000000000015,-0.8599999999999994,0.8,0.8
7.94,-0.8599999999999994,0.8,0.8
7.990000000000001,-0.8599999999999994,0.8,0.8
8.040000000000003,-0.8599999999999994,0.8,0.8
8.09,-0.9099999999999993,0.75,0.75
8.14,-0.9099999999999993,0.75,0.75
8.190000000000001,-0.9099999999999993,0.75,0.75
8.240000000000002,-0.9099999999999993,0.75,0.75
8.290000000000003,-0.9099999999999993,0.75,0.75
8.34,-0.9099999999999993,0.75,0.75
8.39,-0.9099999999999993,0.75,0.75
8.440000000000001,-0.8599999999999994,0.7566372975210779,0.7566372975210779
8.490000000000002,-0.8599999999999994,0.7516648189186454,0.7516648189186454
8.540000000000003,-0.8599999999999994,0.75,0.75
8.59,-0.8599999999999994,0.75,0.75
8.64,-0.8599999999999994,0.75,0.75
8.690000000000001,-0.8599999999999994,0.75,0.75
8.740000000000002,-0.8599999999999994,0.75,0.75
8.790000000000003,-0.8599999999999994,0.75,0.75
8.84,-0.8599999999999994,0.75,0.75
8.89,-0.8599999999999994,0.75,0.75
8.940000000000001,-0.8599999999999994,0.75,0.75
8.990000000000002,-0.8599999999999994,0.75,0.75
9.040000000000003,-0.8599999999999994,0.75,0.75
9.09,-0.8599999999999994,0.75,0.75
9.14,-0.8599999999999994,0.75,0.75
9.190000000000001,-0.8599999999999994,0.75,0.75
9.240000000000002,-0.8599999999999994,0.75,0.75
9.290000000000003,-0.8599999999999994,0.75,0.75
9.34,-0.8599999999999994,0.75,0.75
9.39,-0.8599999999999994,0.75,0.75
9.440000000000001,-0.8599999999999994,0.75,0.75
9.490000000000002,-0.8099999999999996,0.7648529270389178,0.7648529270389178
9.540000000000003,-0.8099999999999996,0.7762087348130012,0.7762087348130012
9.590000000000003,-0.8099999999999996,0.7905694150420949,0.7905694150420949
9.64,-0.8099999999999996,0.8,0.8
9.690000000000001,-0.8099999999999996,0.7905694150420949,0.7905694150420949
9.740000000000002,-0.8099999999999996,0.7762087348130012,0.7762087348130012
9.790000000000003,-0.8099999999999996,0.7648529270389178,0.7648529270389178
9.840000000000003,-0.8099999999999996,0.7566372975210779,0.7566372975210779
9.89,-0.8099999999999996,0.7516648189186454,0.7516648189186454
9.940000000000001,-0.8099999999999996,0.75,0.75
9.990000000000002,-0.8099999999999996,0.75,0.75
10.040000000000003,-0.7599999999999993,0.8,0.8
10.090000000000003,-0.7599999999999993,0.8015609770940699,0.8015609770940699
10.14,-0.7599999999999993,0.8,0.8
10.190000000000001,-0.7099999999999995,0.8139410298049854,0.8139410298049854
10.240000000000002,-0.7099999999999995,0.8246211251235321,0.8246211251235321
10.290000000000003,-0.7099999999999995,0.8381527307120106,0.8381527307120106
10.340000000000003,-0.6599999999999993,0.8062257748298549,0.8062257748298549
10.39,-0.6599999999999993,0.8139410298049854,0.8139410298049854
10.440000000000001,-0.6599999999999993,0.8062257748298549,0.8062257748298549
10.490000000000002,-0.6099999999999994,0.7905694150420949,0.7905694150420949
10.540000000000003,-0.6099999999999994,0.8062257748298549,0.8062257748298549
10.590000000000003,-0.6099999999999994,0.7826237921249265,0.7826237921249265
10.64,-0.5599999999999996,0.8062257748298549,0.8062257748298549
10.690000000000001,-0.5599999999999996,0.7826237921249265,0.7826237921249265
10.740000000000002,-0.5099999999999993,0.8062257748298549,0.8062257748298549
10.790000000000003,-0.4599999999999995,0.7826237921249265,0.7826237921249265
10.840000000000003,-0.4599999999999995,0.8062257748298549,0.8062257748298549
10.89,-0.40999999999999925,0.7826237921249265,0.7826237921249265
10.940000000000001,-0.40999999999999925,0.7905694150420949,0.7905694150420949
10.990000000000002,-0.35999999999999943,0.7905694150420949,0.7905694150420949
11.040000000000003,-0.3099999999999996,0.7810249675906654,0.7810249675906654
11.090000000000003,-0.2599999999999998,0.7632168761236874,0.7632168761236874
11.14,-0.2599999999999998,0.7778174593052023,0.7778174593052023
11.190000000000001,-0.20999999999999908,0.7778174593052023,0.7778174593052023
11.240000000000002,-0.15999999999999925,0.7778174593052023,0.7778174593052023
11.290000000000003,-0.10999999999999943,0.7778174593052023,0.7778174593052023
11.340000000000003,-0.05999999999999961,0.7778174593052023,0.7778174593052023
11.39,-0.009999999999999787,0.7778174593052023,0.7778174593052023
11.440000000000001,0.040000000000000924,0.7810249675906654,0.7810249675906654
11.490000000000002,0.09000000000000075,0.7905694150420949,0.7905694150420949
11.490000000000002,0.14000000000000057,0.7826237921249265,0.7826237921249265
11.540000000000003,0.1900000000000004,0.8062257748298549,0.8062257748298549
11.590000000000003,0.2400000000000002,0.8276472678623424,0.8276472678623424
11.64,0.2900000000000009,0.8500000000000001,0.8500000000000001
11.690000000000001,0.34000000000000075,0.8602325267042628,0.8602325267042628
11.740000000000002,0.39000000000000057,0.8514693182963202,0.8514693182963202
11.740000000000002,0.4400000000000004,0.8514693182963202,0.8514693182963202
11.790000000000003,0.4900000000000011,0.8602325267042628,0.8602325267042628
11.840000000000003,0.5400000000000009,0.8746427842267951,0.8746427842267951
11.89,0.5900000000000007,0.8845903006477066,0.8845903006477066
11.940000000000001,0.6400000000000006,0.8845903006477066,0.8845903006477066
11.990000000000002,0.6900000000000004,0.8845903006477066,0.8845903006477066
12.040000000000003,0.7400000000000011,0.8845903006477066,0.8845903006477066
12.090000000000003,0.7900000000000009,0.8746427842267951,0.8746427842267951
12.14,0.8400000000000007,0.8602325267042628,0.8602325267042628
12.190000000000001,0.8900000000000006,0.8514693182963202,0.8514693182963202
12.240000000000002,0.9400000000000004,0.848528137423857,0.848528137423857
12.290000000000003,0.9900000000000011,0.8381527307120106,0.8381527307120106
12.340000000000003,1.040000000000001,0.8077747210701756,0.8077747210701756
12.39,1.0900000000000007,0.7762087348130012,0.7762087348130012
12.440000000000001,1.0900000000000007,0.7905694150420949,0.7905694150420949
12.490000000000002,1.1400000000000006,0.7615773105863909,0.7615773105863909
12.540000000000003,1.1400000000000006,0.7762087348130012,0.7762087348130012
12.590000000000003,1.1900000000000004,0.7433034373659253,0.7433034373659253
12.640000000000004,1.1900000000000004,0.7516648189186454,0.7516648189186454
12.690000000000001,1.1900000000000004,0.73824115301167,0.73824115301167
12.740000000000002,1.240000000000001,0.7158910531638177,0.7158910531638177
12.790000000000003,1.240000000000001,0.7280109889280518,0.7280109889280518
12.840000000000003,1.240000000000001,0.7280109889280518,0.7280109889280518
12.890000000000004,1.240000000000001,0.7158910531638177,0.7158910531638177
12.940000000000001,1.240000000000001,0.7071067811865476,0.7071067811865476
12.990000000000002,1.290000000000001,0.7000000000000001,0.7000000000000001
13.040000000000003,1.290000000000001,0.7000000000000001,0.7000000000000001
13.090000000000003,1.290000000000001,0.7000000000000001,0.7000000000000001
13.140000000000004,1.290000000000001,0.7000000000000001,0.7000000000000001
13.190000000000001,1.290000000000001,0.7000000000000001,0.7000000000000001
13.240000000000002,1.290000000000001,0.70178344238091,0.70178344238091
13.290000000000003,1.290000000000001,0.70178344238091,0.70178344238091
13.340000000000003,1.290000000000001,0.7000000000000001,0.7000000000000001
13.390000000000004,1.290000000000001,0.7000000000000001,0.7000000000000001
13.440000000000001,1.290000000000001,0.70178344238091,0.70178344238091
13.490000000000002,1.290000000000001,0.7071067811865476,0.7071067811865476
13.540000000000003,1.290000000000001,0.7071067811865476,0.7071067811865476
13.590000000000003,1.290000000000001,0.70178344238091,0.70178344238091
13.640000000000004,1.3400000000000007,0.7000000000000001,0.7000000000000001
13.690000000000001,1.3400000000000007,0.7000000000000001,0.7000000000000001
13.740000000000002,1.3400000000000007,0.7000000000000001,0.7000000000000001
13.790000000000003,1.3400000000000007,0.7000000000000001,0.7000000000000001
13.840000000000003,1.3400000000000007,0.7000000000000001,0.7000000000000001
13.890000000000004,1.3400000000000007,0.7000000000000001,0.7000000000000001
13.940000000000001,1.3400000000000007,0.7000000000000001,0.7000000000000001
13.990000000000002,1.3400000000000007,0.7000000000000001,0.7000000000000001
14.040000000000003,1.3400000000000007,0.7000000000000001,0.7000000000000001
14.090000000000003,1.3400000000000007,0.7000000000000001,0.7000000000000001
14.140000000000004,1.3400000000000007,0.7000000000000001,0.7000000000000001
14.190000000000001,1.3400000000000007,0.7000000000000001,0.7000000000000001
14.240000000000002,1.3400000000000007,0.7000000000000001,0.7000000000000001
14.290000000000003,1.3400000000000007,0.7000000000000001,0.7000000000000001
14.340000000000003,1.3400000000000007,0.7000000000000001,0.7000000000000001
14.390000000000004,1.3400000000000007,0.7000000000000001,0.7000000000000001
14.440000000000001,1.3400000000000007,0.7000000000000001,0.7000000000000001
14.490000000000002,1.3400000000000007,0.7000000000000001,0.7000000000000001
14.540000000000003,1.3400000000000007,0.7000000000000001,0.7000000000000001
14.590000000000003,1.3400000000000007,0.7000000000000001,0.7000000000000001
14.640000000000004,1.3400000000000007,0.7000000000000001,0.7000000000000001
14.690000000000001,1.3400000000000007,0.7000000000000001,0.7000000000000001
14.740000000000002,1.3400000000000007,0.7000000000000001,0.7000000000000001
14.790000000000003,1.3900000000000006,0.7280109889280518,0.7280109889280518
14.840000000000003,1.3900000000000006,0.7433034373659253,0.7433034373659253
14.890000000000004,1.3900000000000006,0.7280109889280518,0.7280109889280518
14.940000000000001,1.3900000000000006,0.7158910531638177,0.7158910531638177
14.990000000000002,1.3900000000000006,0.7071067811865476,0.7071067811865476
15.040000000000003,1.3900000000000006,0.70178344238091,0.70178344238091
15.090000000000003,1.3900000000000006,0.7000000000000001,0.7000000000000001
15.140000000000004,1.4400000000000004,0.75,0.75
15.190000000000001,1.4400000000000004,0.75,0.75
15.240000000000002,1.490000000000001,0.8,0.8
15.290000000000003,1.490000000000001,0.8,0.8
15.340000000000003,1.540000000000001,0.8500000000000001,0.8500000000000001
15.390000000000004,1.5900000000000007,0.8,0.8
15.390000000000004,1.6400000000000006,0.8,0.8
15.390000000000004,1.6900000000000004,0.8,0.8
15.390000000000004,1.740000000000001,0.8,0.8
15.390000000000004,1.790000000000001,0.8,0.8
15.390000000000004,1.8400000000000007,0.8,0.8
15.390000000000004,1.8900000000000006,0.7905694150420949,0.7905694150420949
15.390000000000004,1.9400000000000004,0.7762087348130012,0.7762087348130012
15.390000000000004,1.990000000000001,0.7648529270389178,0.7648529270389178
15.390000000000004,2.040000000000001,0.7566372975210779,0.7566372975210779
15.390000000000004,2.0900000000000007,0.7516648189186454,0.7516648189186454
15.390000000000004,2.1400000000000006,0.75,0.75
15.390000000000004,2.1900000000000004,0.75,0.75
15.390000000000004,2.240000000000001,0.75,0.75
15.390000000000004,2.290000000000001,0.75,0.75
15.390000000000004,2.3400000000000007,0.75,0.75
15.390000000000004,2.3900000000000006,0.7516648189186454,0.7516648189186454
15.390000000000004,2.4400000000000004,0.7516648189186454,0.7516648189186454
15.390000000000004,2.490000000000001,0.75,0.75
15.340000000000003,2.540000000000001,0.7280109889280518,0.7280109889280518
15.340000000000003,2.5900000000000007,0.7433034373659253,0.7433034373659253
15.340000000000003,2.6400000000000006,0.7615773105863909,0.7615773105863909
15.340000000000003,2.6900000000000004,0.7826237921249265,0.7826237921249265
15.340000000000003,2.740000000000001,0.7762087348130012,0.7762087348130012
15.340000000000003,2.790000000000001,0.7648529270389178,0.7648529270389178
15.290000000000003,2.8400000000000007,0.8062257748298549,0.8062257748298549
15.290000000000003,2.8900000000000006,0.8015609770940699,0.8015609770940699
15.290000000000003,2.9400000000000004,0.8,0.8
15.290000000000003,2.990000000000001,0.7905694150420949,0.7905694150420949
15.240000000000002,3.040000000000001,0.8,0.8
15.190000000000001,3.0900000000000007,0.75,0.75
15.140000000000004,3.0900000000000007,0.75,0.75
15.090000000000003,3.0900000000000007,0.75,0.75
15.040000000000003,3.0900000000000007,0.75,0.75
14.990000000000002,3.0900000000000007,0.75,0.75
14.940000000000001,3.1400000000000006,0.7000000000000001,0.7000000000000001
14.890000000000004,3.1400000000000006,0.7000000000000001,0.7000000000000001
14.840000000000003,3.1400000000000006,0.7000000000000001,0.7000000000000001
14.790000000000003,3.1400000000000006,0.7000000000000001,0.7000000000000001
14.740000000000002,3.1400000000000006,0.7000000000000001,0.7000000000000001
14.690000000000001,3.1400000000000006,0.7000000000000001,0.7000000000000001
14.640000000000004,3.1400000000000006,0.70178344238091,0.70178344238091
14.590000000000003,3.1400000000000006,0.70178344238091,0.70178344238091
14.540000000000003,3.1400000000000006,0.7000000000000001,0.7000000000000001
14.490000000000002,3.1400000000000006,0.7000000000000001,0.7000000000000001
14.440000000000001,3.1400000000000006,0.7000000000000001,0.7000000000000001
14.390000000000004,3.1400000000000006,0.7000000000000001,0.7000000000000001
14.340000000000003,3.1400000000000006,0.7000000000000001,0.7000000000000001
14.290000000000003,3.1400000000000006,0.7000000000000001,0.7000000000000001
14.240000000000002,3.1400000000000006,0.7000000000000001,0.7000000000000001
14.190000000000001,3.1400000000000006,0.7000000000000001,0.7000000000000001
14.140000000000004,3.1400000000000006,0.7000000000000001,0.7000000000000001
14.090000000000003,3.1400000000000006,0.7000000000000001,0.7000000000000001
14.040000000000003,3.1400000000000006,0.7000000000000001,0.7000000000000001
13.990000000000002,3.1400000000000006,0.7000000000000001,0.7000000000000001
13.940000000000001,3.1400000000000006,0.7000000000000001,0.7000000000000001
13.890000000000004,3.1400000000000006,0.7000000000000001,0.7000000000000001
13.840000000000003,3.1400000000000006,0.7000000000000001,0.7000000000000001
13.790000000000003,3.1400000000000006,0.7000000000000001,0.7000000000000001
13.740000000000002,3.1400000000000006,0.7000000000000001,0.7000000000000001
13.690000000000001,3.1400000000000006,0.70178344238091,0.70178344238091
13.640000000000004,3.1400000000000006,0.7071067811865476,0.7071067811865476
13.590000000000003,3.1400000000000006,0.7158910531638177,0.7158910531638177
13.540000000000003,3.1400000000000006,0.7280109889280518,0.7280109889280518
13.490000000000002,3.1400000000000006,0.7433034373659253,0.7433034373659253
13.440000000000001,3.1400000000000006,0.75,0.75
13.390000000000004,3.1400000000000006,0.75,0.75
13.340000000000003,3.1400000000000006,0.75,0.75
13.290000000000003,3.1400000000000006,0.75,0.75
13.240000000000002,3.1400000000000006,0.75,0.75
13.190000000000001,3.1400000000000006,0.75,0.75
13.140000000000004,3.0900000000000007,0.7000000000000001,0.7000000000000001
13.090000000000003,3.0900000000000007,0.7000000000000001,0.7000000000000001
13.040000000000003,3.0900000000000007,0.7000000000000001,0.7000000000000001
12.990000000000002,3.0900000000000007,0.7000000000000001,0.7000000000000001
12.940000000000001,3.0900000000000007,0.7000000000000001,0.7000000000000001
12.890000000000004,3.0900000000000007,0.7000000000000001,0.7000000000000001
12.840000000000003,3.0900000000000007,0.7000000000000001,0.7000000000000001
12.790000000000003,3.0900000000000007,0.7000000000000001,0.7000000000000001
12.740000000000002,3.0900000000000007,0.7000000000000001,0.7000000000000001
12.690000000000001,3.0900000000000007,0.7000000000000001,0.7000000000000001
12.640000000000004,3.0900000000000007,0.7000000000000001,0.7000000000000001
12.590000000000003,3.0900000000000007,0.70178344238091,0.70178344238091
12.540000000000003,3.0900000000000007,0.7071067811865476,0.7071067811865476
12.490000000000002,3.0900000000000007,0.7158910531638177,0.7158910531638177
12.440000000000001,3.0900000000000007,0.7280109889280518,0.7280109889280518
12.39,3.0900000000000007,0.7433034373659253,0.7433034373659253
12.340000000000003,3.0900000000000007,0.75,0.75
12.290000000000003,3.0900000000000007,0.7433034373659253,0.7433034373659253
12.240000000000002,3.0900000000000007,0.7280109889280518,0.7280109889280518
12.190000000000001,3.040000000000001,0.7280109889280518,0.7280109889280518
12.14,3.040000000000001,0.7433034373659253,0.7433034373659253
12.090000000000003,3.040000000000001,0.7516648189186454,0.7516648189186454
12.040000000000003,3.040000000000001,0.75,0.75
11.990000000000002,3.040000000000001,0.75,0.75
11.940000000000001,2.990000000000001,0.7433034373659253,0.7433034373659253
11.89,2.990000000000001,0.7566372975210779,0.7566372975210779
11.840000000000003,2.990000000000001,0.7648529270389178,0.7648529270389178
11.790000000000003,2.9400000000000004,0.7280109889280518,0.7280109889280518
11.740000000000002,2.9400000000000004,0.7433034373659253,0.7433034373659253
11.690000000000001,2.8900000000000006,0.7158910531638177,0.7158910531638177
11.64,2.8900000000000006,0.7280109889280518,0.7280109889280518
11.590000000000003,2.8900000000000006,0.7433034373659253,0.7433034373659253
11.540000000000003,2.8400000000000007,0.7158910531638177,0.7158910531638177
11.490000000000002,2.8400000000000007,0.73824115301167,0.73824115301167
11.440000000000001,2.790000000000001,0.7158910531638177,0.7158910531638177
11.39,2.790000000000001,0.73824115301167,0.73824115301167
11.340000000000003,2.790000000000001,0.7280109889280518,0.7280109889280518
11.290000000000003,2.740000000000001,0.73824115301167,0.73824115301167
11.240000000000002,2.740000000000001,0.7566372975210779,0.7566372975210779
11.190000000000001,2.740000000000001,0.7433034373659253,0.7433034373659253
11.14,2.6900000000000004,0.7632168761236874,0.7632168761236874
11.090000000000003,2.6400000000000006,0.75,0.75
11.040000000000003,2.6400000000000006,0.7810249675906654,0.7810249675906654
10.990000000000002,2.5900000000000007,0.7632168761236874,0.7632168761236874
10.940000000000001,2.5900000000000007,0.7632168761236874,0.7632168761236874
10.89,2.540000000000001,0.7810249675906654,0.7810249675906654
10.840000000000003,2.540000000000001,0.7615773105863909,0.7615773105863909
10.790000000000003,2.490000000000001,0.7826237921249265,0.7826237921249265
10.740000000000002,2.4400000000000004,0.7905694150420949,0.7905694150420949
10.690000000000001,2.3900000000000006,0.7810249675906654,0.7810249675906654
10.64,2.3400000000000007,0.7778174593052023,0.7778174593052023
10.590000000000003,2.3400000000000007,0.7810249675906654,0.7810249675906654
10.540000000000003,2.290000000000001,0.7905694150420949,0.7905694150420949
10.490000000000002,2.240000000000001,0.8062257748298549,0.8062257748298549
10.440000000000001,2.1900000000000004,0.8200609733428363,0.8200609733428363
10.39,2.1400000000000006,0.8321658488546619,0.8321658488546619
10.340000000000003,2.1400000000000006,0.8276472678623424,0.8276472678623424
10.290000000000003,2.0900000000000007,0.8500000000000001,0.8500000000000001
10.240000000000002,2.040000000000001,0.8602325267042628,0.8602325267042628
10.190000000000001,1.990000000000001,0.8746427842267951,0.8746427842267951
10.14,1.9400000000000004,0.890224690738243,0.890224690738243
10.090000000000003,1.8900000000000006,0.9013878188659974,0.9013878188659974
10.040000000000003,1.8400000000000007,0.9178779875342911,0.9178779875342911
9.990000000000002,1.790000000000001,0.9192388155425117,0.9192388155425117
9.940000000000001,1.740000000000001,0.9219544457292888,0.9219544457292888
9.89,1.6900000000000004,0.9300537618869138,0.9300537618869138
9.840000000000003,1.6400000000000006,0.9433981132056604,0.9433981132056604
9.790000000000003,1.5900000000000007,0.9617692030835672,0.9617692030835672
9.740000000000002,1.540000000000001,0.9219544457292888,0.9219544457292888
9.690000000000001,1.490000000000001,0.8860022573334675,0.8860022573334675
9.64,1.490000000000001,0.9013878188659974,0.9013878188659974
9.590000000000003,1.490000000000001,0.912414379544733,0.912414379544733
9.540000000000003,1.490000000000001,0.9219544457292888,0.9219544457292888
9.490000000000002,1.490000000000001,0.9192388155425117,0.9192388155425117
9.440000000000001,1.4400000000000004,0.9013878188659974,0.9013878188659974
9.39,1.4400000000000004,0.9192388155425117,0.9192388155425117
9.34,1.4400000000000004,0.9219544457292888,0.9219544457292888
9.290000000000003,1.3900000000000006,0.9178779875342911,0.9178779875342911
9.240000000000002,1.3900000000000006,0.894427190999916,0.894427190999916
9.190000000000001,1.3900000000000006,0.873212459828649,0.873212459828649
9.14,1.4400000000000004,0.873212459828649,0.873212459828649
9.09,1.4400000000000004,0.8544003745317531,0.8544003745317531
9.040000000000003,1.4400000000000004,0.8381527307120106,0.8381527307120106
8.990000000000002,1.3900000000000006,0.8139410298049854,0.8139410298049854
8.940000000000001,1.3900000000000006,0.8062257748298549,0.8062257748298549
8.89,1.4400000000000004,0.8062257748298549,0.8062257748298549
8.84,1.4400000000000004,0.8015609770940699,0.8015609770940699
8.790000000000003,1.4400000000000004,0.7905694150420949,0.7905694150420949
8.740000000000002,1.4400000000000004,0.7762087348130012,0.7762087348130012
8.690000000000001,1.4400000000000004,0.7648529270389178,0.7648529270389178
8.64,1.4400000000000004,0.7566372975210779,0.7566372975210779
8.59,1.4400000000000004,0.7516648189186454,0.7516648189186454
8.540000000000003,1.4400000000000004,0.7433034373659253,0.7433034373659253
8.490000000000002,1.4400000000000004,0.7280109889280518,0.7280109889280518
8.440000000000001,1.4400000000000004,0.7158910531638177,0.7158910531638177
8.39,1.4400000000000004,0.7071067811865476,0.7071067811865476
8.34,1.4400000000000004,0.70178344238091,0.70178344238091
8.290000000000003,1.490000000000001,0.7158910531638177,0.7158910531638177
8.240000000000002,1.490000000000001,0.7280109889280518,0.7280109889280518
8.190000000000001,1.490000000000001,0.7433034373659253,0.7433034373659253
8.14,1.490000000000001,0.7433034373659253,0.7433034373659253
8.09,1.490000000000001,0.7280109889280518,0.7280109889280518
8.040000000000003,1.540000000000001,0.7615773105863909,0.7615773105863909
7.990000000000001,1.540000000000001,0.7433034373659253,0.7433034373659253
7.94,1.5900000000000007,0.7632168761236874,0.7632168761236874
7.8900000000000015,1.5900000000000007,0.7632168761236874,0.7632168761236874
7.840000000000001,1.6400000000000006,0.7810249675906654,0.7810249675906654
7.790000000000002,1.6900000000000004,0.7778174593052023,0.7778174593052023
7.740000000000001,1.740000000000001,0.7778174593052023,0.7778174593052023
7.69,1.790000000000001,0.7810249675906654,0.7810249675906654
7.6400000000000015,1.8400000000000007,0.7905694150420949,0.7905694150420949
7.6400000000000015,1.8900000000000006,0.7826237921249265,0.7826237921249265
7.590000000000001,1.9400000000000004,0.7762087348130012,0.7762087348130012
7.590000000000001,1.990000000000001,0.7826237921249265,0.7826237921249265
7.540000000000002,2.040000000000001,0.7566372975210779,0.7566372975210779
7.540000000000002,2.0900000000000007,0.7648529270389178,0.7648529270389178
7.540000000000002,2.1400000000000006,0.7762087348130012,0.7762087348130012
7.540000000000002,2.1900000000000004,0.7648529270389178,0.7648529270389178
7.540000000000002,2.240000000000001,0.7566372975210779,0.7566372975210779
7.540000000000002,2.290000000000001,0.7516648189186454,0.7516648189186454
7.540000000000002,2.3400000000000007,0.75,0.75
7.540000000000002,2.3900000000000006,0.75,0.75
7.490000000000001,2.4400000000000004,0.8,0.8
7.490000000000001,2.490000000000001,0.8,0.8
7.490000000000001,2.540000000000001,0.8,0.8
7.490000000000001,2.5900000000000007,0.8,0.8
7.490000000000001,2.6400000000000006,0.8,0.8
7.540000000000002,2.6900000000000004,0.7762087348130012,0.7762087348130012
7.540000000000002,2.740000000000001,0.7905694150420949,0.7905694150420949
7.540000000000002,2.790000000000001,0.7762087348130012,0.7762087348130012
7.540000000000002,2.8400000000000007,0.7648529270389178,0.7648529270389178
7.540000000000002,2.8900000000000006,0.7566372975210779,0.7566372975210779
7.540000000000002,2.9400000000000004,0.7516648189186454,0.7516648189186454
7.540000000000002,2.990000000000001,0.75,0.75
7.540000000000002,3.040000000000001,0.75,0.75
7.540000000000002,3.0900000000000007,0.75,0.75
7.540000000000002,3.1400000000000006,0.75,0.75
7.540000000000002,3.1900000000000004,0.75,0.75
7.540000000000002,3.240000000000001,0.75,0.75
7.540000000000002,3.290000000000001,0.75,0.75
7.540000000000002,3.3400000000000007,0.75,0.75
7.540000000000002,3.3900000000000006,0.75,0.75
7.540000000000002,3.4400000000000004,0.75,0.75
7.490000000000001,3.490000000000001,0.7516648189186454,0.7516648189186454
7.490000000000001,3.540000000000001,0.7566372975210779,0.7566372975210779
7.490000000000001,3.5900000000000007,0.7648529270389178,0.7648529270389178
7.44,3.6400000000000006,0.7280109889280518,0.7280109889280518
7.44,3.6900000000000004,0.7433034373659253,0.7433034373659253
7.44,3.740000000000001,0.7615773105863909,0.7615773105863909
7.3900000000000015,3.79,0.73824115301167,0.73824115301167
7.3900000000000015,3.8400000000000007,0.7615773105863909,0.7615773105863909
7.340000000000001,3.8900000000000015,0.73824115301167,0.73824115301167
7.340000000000001,3.9400000000000004,0.75,0.75
7.290000000000002,3.990000000000001,0.7433034373659253,0.7433034373659253
7.240000000000001,4.04,0.7280109889280518,0.7280109889280518
7.19,4.090000000000001,0.696419413859206,0.696419413859206
7.1400000000000015,4.090000000000001,0.7071067811865476,0.7071067811865476
7.090000000000001,4.1400000000000015,0.6800735254367722,0.6800735254367722
7.040000000000002,4.1400000000000015,0.6800735254367722,0.6800735254367722
6.990000000000001,4.19,0.6670832032063168,0.6670832032063168
6.94,4.19,0.670820393249937,0.670820393249937
6.8900000000000015,4.19,0.65,0.65
6.840000000000001,4.19,0.632455532033676,0.632455532033676
6.790000000000002,4.240000000000001,0.6670832032063168,0.6670832032063168
6.740000000000001,4.240000000000001,0.6576473218982953,0.6576473218982953
6.69,4.240000000000001,0.651920240520265,0.651920240520265
6.6400000000000015,4.240000000000001,0.65,0.65
6.590000000000001,4.240000000000001,0.65,0.65
6.540000000000002,4.240000000000001,0.65,0.65
6.490000000000001,4.240000000000001,0.65,0.65
6.44,4.29,0.7000000000000001,0.7000000000000001
6.3900000000000015,4.29,0.7000000000000001,0.7000000000000001
6.340000000000001,4.29,0.70178344238091,0.70178344238091
6.290000000000002,4.29,0.7071067811865476,0.7071067811865476
6.240000000000001,4.29,0.7158910531638177,0.7158910531638177
6.19,4.29,0.7280109889280518,0.7280109889280518
6.1400000000000015,4.29,0.7433034373659253,0.7433034373659253
6.090000000000001,4.29,0.7615773105863909,0.7615773105863909
6.040000000000002,4.29,0.7762087348130012,0.7762087348130012
5.990000000000001,4.29,0.7648529270389178,0.7648529270389178
5.94,4.240000000000001,0.7905694150420949,0.7905694150420949
5.8900000000000015,4.240000000000001,0.7905694150420949,0.7905694150420949
5.840000000000001,4.19,0.8139410298049854,0.8139410298049854
5.790000000000002,4.19,0.8062257748298549,0.8062257748298549
5.740000000000001,4.1400000000000015,0.8200609733428363,0.8200609733428363
5.69,4.090000000000001,0.8321658488546619,0.8321658488546619
5.6400000000000015,4.04,0.8500000000000001,0.8500000000000001
5.590000000000001,3.990000000000001,0.8602325267042628,0.8602325267042628
5.540000000000002,3.9400000000000004,0.8746427842267951,0.8746427842267951
5.490000000000001,3.8900000000000015,0.8746427842267951,0.8746427842267951
5.490000000000001,3.8400000000000007,0.8746427842267951,0.8746427842267951
5.44,3.79,0.8845903006477066,0.8845903006477066
5.3900000000000015,3.740000000000001,0.8746427842267951,0.8746427842267951
5.3900000000000015,3.6900000000000004,0.8602325267042628,0.8602325267042628
5.340000000000001,3.6400000000000006,0.8746427842267951,0.8746427842267951
5.290000000000002,3.5900000000000007,0.873212459828649,0.873212459828649
5.240000000000001,3.540000000000001,0.8500000000000001,0.8500000000000001
5.240000000000001,3.490000000000001,0.8746427842267951,0.8746427842267951
5.19,3.4400000000000004,0.8602325267042628,0.8602325267042628
5.1400000000000015,3.3900000000000006,0.8500000000000001,0.8500000000000001
5.090000000000001,3.3400000000000007,0.8321658488546619,0.8321658488546619
5.090000000000001,3.290000000000001,0.8514693182963202,0.8514693182963202
5.040000000000002,3.240000000000001,0.8514693182963202,0.8514693182963202
5.040000000000002,3.1900000000000004,0.8321658488546619,0.8321658488546619
4.990000000000001,3.1400000000000006,0.8500000000000001,0.8500000000000001
4.94,3.0900000000000007,0.8602325267042628,0.8602325267042628
4.8900000000000015,3.040000000000001,0.8500000000000001,0.8500000000000001
4.840000000000001,2.990000000000001,0.8321658488546619,0.8321658488546619
4.790000000000002,2.9400000000000004,0.8200609733428363,0.8200609733428363
4.790000000000002,2.8900000000000006,0.848528137423857,0.848528137423857
4.740000000000001,2.8400000000000007,0.848528137423857,0.848528137423857
4.69,2.790000000000001,0.8321658488546619,0.8321658488546619
4.6400000000000015,2.740000000000001,0.8200609733428363,0.8200609733428363
4.590000000000001,2.6900000000000004,0.8139410298049854,0.8139410298049854
4.540000000000002,2.6400000000000006,0.8139410298049854,0.8139410298049854
4.490000000000001,2.5900000000000007,0.8139410298049854,0.8139410298049854
4.44,2.540000000000001,0.8139410298049854,0.8139410298049854
4.3900000000000015,2.490000000000001,0.8139410298049854,0.8139410298049854
4.340000000000001,2.4400000000000004,0.8139410298049854,0.8139410298049854
4.290000000000002,2.3900000000000006,0.8139410298049854,0.8139410298049854
4.290000000000002,2.3400000000000007,0.8139410298049854,0.8139410298049854
4.240000000000001,2.290000000000001,0.8139410298049854,0.8139410298049854
4.19,2.240000000000001,0.8139410298049854,0.8139410298049854
4.1400000000000015,2.1900000000000004,0.8139410298049854,0.8139410298049854
4.090000000000001,2.1400000000000006,0.8139410298049854,0.8139410298049854
4.040000000000002,2.1400000000000006,0.8139410298049854,0.8139410298049854
3.990000000000001,2.0900000000000007,0.8200609733428363,0.8200609733428363
3.9400000000000004,2.040000000000001,0.8200609733428363,0.8200609733428363
3.8900000000000015,1.990000000000001,0.8139410298049854,0.8139410298049854
3.8400000000000007,1.990000000000001,0.8200609733428363,0.8200609733428363
3.790000000000002,1.9400000000000004,0.8246211251235321,0.8246211251235321
3.740000000000001,1.8900000000000006,0.7905694150420949,0.7905694150420949
3.6900000000000004,1.8900000000000006,0.8077747210701756,0.8077747210701756
3.6400000000000015,1.8400000000000007,0.7762087348130012,0.7762087348130012
3.5900000000000007,1.8400000000000007,0.7905694150420949,0.7905694150420949
3.540000000000002,1.8400000000000007,0.8062257748298549,0.8062257748298549
3.490000000000001,1.790000000000001,0.7826237921249265,0.7826237921249265
3.4400000000000004,1.790000000000001,0.8062257748298549,0.8062257748298549
3.3900000000000015,1.740000000000001,0.7905694150420949,0.7905694150420949
3.3400000000000007,1.740000000000001,0.8077747210701756,0.8077747210701756
3.290000000000002,1.740000000000001,0.7905694150420949,0.7905694150420949
3.240000000000001,1.6900000000000004,0.8062257748298549,0.8062257748298549
3.1900000000000004,1.6900000000000004,0.8077747210701756,0.8077747210701756
3.1400000000000015,1.6900000000000004,0.7905694150420949,0.7905694150420949
3.0900000000000007,1.6400000000000006,0.8,0.8
3.040000000000002,1.6400000000000006,0.8,0.8
2.990000000000001,1.6400000000000006,0.8015609770940699,0.8015609770940699
2.9400000000000004,1.5900000000000007,0.7566372975210779,0.7566372975210779
2.8900000000000015,1.5900000000000007,0.7648529270389178,0.7648529270389178
2.8400000000000007,1.5900000000000007,0.7762087348130012,0.7762087348130012
2.79,1.5900000000000007,0.7905694150420949,0.7905694150420949
2.740000000000001,1.5900000000000007,0.8,0.8
2.6900000000000004,1.5900000000000007,0.8,0.8
2.6400000000000015,1.5900000000000007,0.8,0.8
2.5900000000000007,1.5900000000000007,0.8,0.8
2.54,1.5900000000000007,0.8,0.8
2.490000000000001,1.5900000000000007,0.8,0.8
2.4400000000000004,1.5900000000000007,0.8,0.8
2.3900000000000015,1.5900000000000007,0.8,0.8
2.3400000000000007,1.5900000000000007,0.8,0.8
2.29,1.5900000000000007,0.8,0.8
2.240000000000001,1.5900000000000007,0.8,0.8
2.1900000000000004,1.5900000000000007,0.8,0.8
2.1400000000000015,1.5900000000000007,0.8,0.8
2.0900000000000007,1.540000000000001,0.8015609770940699,0.8015609770940699
2.04,1.5900000000000007,0.8,0.8
1.990000000000001,1.5900000000000007,0.8,0.8
1.9400000000000004,1.5900000000000007,0.8015609770940699,0.8015609770940699
1.8900000000000015,1.5900000000000007,0.8062257748298549,0.8062257748298549
1.8400000000000007,1.5900000000000007,0.8139410298049854,0.8139410298049854
1.79,1.5900000000000007,0.8246211251235321,0.8246211251235321
1.740000000000001,1.5900000000000007,0.8246211251235321,0.8246211251235321
1.6900000000000004,1.6400000000000006,0.8015609770940699,0.8015609770940699
1.6400000000000015,1.6400000000000006,0.8062257748298549,0.8062257748298549
1.5900000000000007,1.6400000000000006,0.8139410298049854,0.8139410298049854
1.54,1.6400000000000006,0.8077747210701756,0.8077747210701756
1.490000000000001,1.6900000000000004,0.7905694150420949,0.7905694150420949
1.4400000000000004,1.6900000000000004,0.8077747210701756,0.8077747210701756
1.3900000000000006,1.6900000000000004,0.8062257748298549,0.8062257748298549
1.3400000000000007,1.740000000000001,0.7905694150420949,0.7905694150420949
1.290000000000001,1.740000000000001,0.7905694150420949,0.7905694150420949
1.240000000000001,1.790000000000001,0.7826237921249265,0.7826237921249265
1.1900000000000004,1.8400000000000007,0.7615773105863909,0.7615773105863909
1.1400000000000006,1.8900000000000006,0.73824115301167,0.73824115301167
1.0900000000000007,1.8900000000000006,0.7615773105863909,0.7615773105863909
1.040000000000001,1.9400000000000004,0.73824115301167,0.73824115301167
0.9900000000000011,1.990000000000001,0.7211102550927979,0.7211102550927979
0.9400000000000004,1.990000000000001,0.7433034373659253,0.7433034373659253
0.8900000000000006,2.040000000000001,0.7433034373659253,0.7433034373659253
0.8400000000000007,2.0900000000000007,0.7433034373659253,0.7433034373659253
0.7900000000000009,2.1400000000000006,0.73824115301167,0.73824115301167
0.7400000000000011,2.1900000000000004,0.7211102550927979,0.7211102550927979
0.6900000000000004,2.240000000000001,0.7106335201775948,0.7106335201775948
0.6400000000000006,2.290000000000001,0.7071067811865476,0.7071067811865476
0.6400000000000006,2.3400000000000007,0.7071067811865476,0.7071067811865476
0.5900000000000007,2.3900000000000006,0.7071067811865476,0.7071067811865476
0.5400000000000009,2.4400000000000004,0.7071067811865476,0.7071067811865476
0.4900000000000011,2.490000000000001,0.7106335201775948,0.7106335201775948
0.4400000000000004,2.540000000000001,0.7211102550927979,0.7211102550927979
0.39000000000000057,2.5900000000000007,0.73824115301167,0.73824115301167
0.34000000000000075,2.6400000000000006,0.7433034373659253,0.7433034373659253
0.34000000000000075,2.6900000000000004,0.73824115301167,0.73824115301167
0.2900000000000009,2.740000000000001,0.75,0.75
0.2400000000000011,2.790000000000001,0.7632168761236874,0.7632168761236874
0.1900000000000004,2.8400000000000007,0.7810249675906654,0.7810249675906654
0.1900000000000004,2.8900000000000006,0.7615773105863909,0.7615773105863909
0.14000000000000057,2.9400000000000004,0.7905694150420949,0.7905694150420949
0.09000000000000075,2.990000000000001,0.8246211251235321,0.8246211251235321
0.040000000000000924,3.040000000000001,0.8514693182963202,0.8514693182963202
0.040000000000000924,3.0900000000000007,0.8381527307120106,0.8381527307120106
-0.009999999999998899,3.1400000000000006,0.873212459828649,0.873212459828649
-0.05999999999999961,3.1900000000000004,0.9013878188659974,0.9013878188659974
-0.10999999999999943,3.240000000000001,0.9300537618869138,0.9300537618869138
-0.15999999999999925,3.290000000000001,0.9433981132056604,0.9433981132056604
-0.20999999999999908,3.3400000000000007,0.9617692030835672,0.9617692030835672
-0.2599999999999989,3.3900000000000006,0.9848857801796105,0.9848857801796105
-0.3099999999999996,3.4400000000000004,1.0062305898749055,1.0062305898749055
-0.35999999999999943,3.490000000000001,1.0295630140987002,1.0295630140987002
-0.40999999999999925,3.540000000000001,1.051189802081432,1.051189802081432
-0.4599999999999991,3.5900000000000007,1.0735455276791945,1.0735455276791945
-0.5099999999999989,3.5900000000000007,1.051189802081432,1.051189802081432
-0.5599999999999996,3.6400000000000006,1.0770329614269007,1.0770329614269007
-0.6099999999999994,3.6400000000000006,1.0594810050208545,1.0594810050208545
-0.6599999999999993,3.6900000000000004,1.0920164833920778,1.0920164833920778
-0.7099999999999991,3.740000000000001,1.1236102527122116,1.1236102527122116
-0.7599999999999989,3.79,1.118033988749895,1.118033988749895
-0.8099999999999996,3.79,1.1280514172678477,1.1280514172678477
-0.8599999999999994,3.79,1.1236102527122116,1.1236102527122116
-0.9099999999999993,3.8400000000000007,1.101135777277262,1.101135777277262
-0.9599999999999991,3.8400000000000007,1.104536101718726,1.104536101718726
-1.009999999999999,3.8400000000000007,1.110180165558726,1.110180165558726
-1.0599999999999996,3.8400000000000007,1.1067971810589328,1.1067971810589328
-1.1099999999999994,3.8400000000000007,1.0920164833920778,1.0920164833920778
-1.1599999999999993,3.8400000000000007,1.0793516572461452,1.0793516572461452
-1.209999999999999,3.8400000000000007,1.0688779163215976,1.0688779163215976
-1.259999999999999,3.8400000000000007,1.0606601717798214,1.0606601717798214
-1.3099999999999996,3.8900000000000015,1.1,1.1
-1.3599999999999994,3.8900000000000015,1.1,1.1
-1.4099999999999993,3.8900000000000015,1.0920164833920778,1.0920164833920778
-1.459999999999999,3.8900000000000015,1.0793516572461452,1.0793516572461452
-1.509999999999999,3.8900000000000015,1.0688779163215976,1.0688779163215976
-1.5599999999999996,3.8900000000000015,1.0606601717798214,1.0606601717798214
-1.6099999999999994,3.8900000000000015,1.0547511554864495,1.0547511554864495
-1.6599999999999993,3.8900000000000015,1.051189802081432,1.051189802081432
-1.709999999999999,3.8900000000000015,1.05,1.05
-1.759999999999999,3.8900000000000015,1.05,1.05
-1.8099999999999996,3.8900000000000015,1.05,1.05
-1.8599999999999994,3.8900000000000015,1.051189802081432,1.051189802081432
-1.9099999999999993,3.8900000000000015,1.0547511554864495,1.0547511554864495
-1.959999999999999,3.8900000000000015,1.0606601717798214,1.0606601717798214
-2.01,3.8400000000000007,1.019803902718557,1.019803902718557
-2.0599999999999996,3.8400000000000007,1.0307764064044151,1.0307764064044151
-2.1099999999999994,3.8400000000000007,1.044030650891055,1.044030650891055
-2.1599999999999993,3.8400000000000007,1.05,1.05
-2.209999999999999,3.8400000000000007,1.05,1.05
-2.26,3.8400000000000007,1.05,1.05
-2.3099999999999996,3.8400000000000007,1.051189802081432,1.051189802081432
-2.3599999999999994,3.8400000000000007,1.0547511554864495,1.0547511554864495
-2.4099999999999993,3.8400000000000007,1.0606601717798214,1.0606601717798214
-2.459999999999999,3.8400000000000007,1.0688779163215976,1.0688779163215976
-2.51,3.79,1.0307764064044151,1.0307764064044151
-2.5599999999999996,3.79,1.044030650891055,1.044030650891055
-2.6099999999999994,3.79,1.0547511554864495,1.0547511554864495
-2.6599999999999993,3.740000000000001,1.0111874208078342,1.0111874208078342
-2.7099999999999995,3.740000000000001,1.019803902718557,1.019803902718557
-2.7599999999999993,3.740000000000001,1.0307764064044151,1.0307764064044151
-2.8099999999999996,3.740000000000001,1.044030650891055,1.044030650891055
-2.8599999999999994,3.740000000000001,1.0547511554864495,1.0547511554864495
-2.9099999999999993,3.6900000000000004,1.0111874208078342,1.0111874208078342
-2.9599999999999995,3.6900000000000004,1.019803902718557,1.019803902718557
-3.0099999999999993,3.6400000000000006,0.982344135219425,0.982344135219425
-3.0599999999999996,3.6400000000000006,0.9962429422585638,0.9962429422585638
-3.1099999999999994,3.6400000000000006,1.004987562112089,1.004987562112089
-3.1599999999999993,3.5900000000000007,0.9617692030835672,0.9617692030835672
-3.2099999999999995,3.5900000000000007,0.97082439194738,0.97082439194738
-3.2599999999999993,3.5900000000000007,0.982344135219425,0.982344135219425
-3.3099999999999996,3.540000000000001,0.9486832980505139,0.9486832980505139
-3.3599999999999994,3.540000000000001,0.9617692030835672,0.9617692030835672
-3.4099999999999993,3.490000000000001,0.9219544457292888,0.9219544457292888
-3.4599999999999995,3.490000000000001,0.9340770846134703,0.9340770846134703
-3.5099999999999993,3.490000000000001,0.9486832980505139,0.9486832980505139
-3.5599999999999996,3.490000000000001,0.9656603957913984,0.9656603957913984
-3.6099999999999994,3.4400000000000004,0.9340770846134703,0.9340770846134703
-3.6599999999999993,3.4400000000000004,0.9486832980505139,0.9486832980505139
-3.7099999999999995,3.4400000000000004,0.9617692030835672,0.9617692030835672
-3.7599999999999993,3.3900000000000006,0.9394147114027969,0.9394147114027969
-3.8099999999999996,3.3400000000000007,0.9178779875342911,0.9178779875342911
-3.8599999999999994,3.3400000000000007,0.9394147114027969,0.9394147114027969
-3.9099999999999993,3.3400000000000007,0.9604686356149273,0.9604686356149273
-3.9599999999999995,3.290000000000001,0.9433981132056604,0.9433981132056604
-4.01,3.290000000000001,0.9433981132056604,0.9433981132056604
-4.06,3.240000000000001,0.9604686356149273,0.9604686356149273
-4.109999999999999,3.1900000000000004,0.95524865872714,0.95524865872714
-4.159999999999999,3.1900000000000004,0.9604686356149273,0.9604686356149273
-4.209999999999999,3.1400000000000006,0.97082439194738,0.97082439194738
-4.26,3.0900000000000007,0.97082439194738,0.97082439194738
-4.31,3.040000000000001,0.9604686356149273,0.9604686356149273
-4.359999999999999,3.040000000000001,0.97082439194738,0.97082439194738
-4.41,2.990000000000001,0.9861541461658011,0.9861541461658011
-4.459999999999999,2.9400000000000004,0.9924716620639604,0.9924716620639604
-4.51,2.8900000000000006,1.0,1.0
-4.56,2.8400000000000007,1.0124228365658294,1.0124228365658294
-4.609999999999999,2.790000000000001,1.0259142264341596,1.0259142264341596
-4.659999999999999,2.740000000000001,1.0307764064044151,1.0307764064044151
-4.709999999999999,2.6900000000000004,1.0404326023342407,1.0404326023342407
-4.76,2.6400000000000006,1.0547511554864495,1.0547511554864495
-4.76,2.5900000000000007,1.0295630140987002,1.0295630140987002
-4.81,2.540000000000001,1.051189802081432,1.051189802081432
-4.859999999999999,2.490000000000001,1.0307764064044151,1.0307764064044151
-4.909999999999999,2.4400000000000004,1.0062305898749055,1.0062305898749055
-4.909999999999999,2.3900000000000006,1.019803902718557,1.019803902718557
-4.909999999999999,2.3400000000000007,1.0295630140987002,1.0295630140987002
-4.959999999999999,2.290000000000001,0.9962429422585638,0.9962429422585638
-4.959999999999999,2.240000000000001,1.0111874208078342,1.0111874208078342
-5.01,2.1900000000000004,0.97082439194738,0.97082439194738
-5.01,2.1400000000000006,0.982344135219425,0.982344135219425
-5.01,2.0900000000000007,0.9962429422585638,0.9962429422585638
-5.01,2.040000000000001,0.9962429422585638,0.9962429422585638
-5.01,1.990000000000001,0.982344135219425,0.982344135219425
-5.06,1.9400000000000004,0.97082439194738,0.97082439194738
-5.06,1.8900000000000006,0.982344135219425,0.982344135219425
-5.06,1.8400000000000007,0.982344135219425,0.982344135219425
-5.06,1.790000000000001,0.97082439194738,0.97082439194738
-5.06,1.740000000000001,0.9617692030835672,0.9617692030835672
-5.06,1.6900000000000004,0.95524865872714,0.95524865872714
-5.06,1.6400000000000006,0.9513148795220223,0.9513148795220223
-5.06,1.5900000000000007,0.9500000000000001,0.9500000000000001
-5.06,1.540000000000001,0.9500000000000001,0.9500000000000001
-5.06,1.490000000000001,0.9500000000000001,0.9500000000000001
-5.109999999999999,1.4400000000000004,0.9962429422585638,0.9962429422585638
-5.109999999999999,1.3900000000000006,1.0012492197250393,1.0012492197250393
-5.109999999999999,1.3400000000000007,1.004987562112089,1.004987562112089
-5.109999999999999,1.290000000000001,1.0111874208078342,1.0111874208078342
-5.109999999999999,1.240000000000001,1.019803902718557,1.019803902718557
-5.109999999999999,1.1900000000000004,1.0307764064044151,1.0307764064044151
-5.109999999999999,1.1400000000000006,1.044030650891055,1.044030650891055
-5.109999999999999,1.0900000000000007,1.05,1.05
-5.109999999999999,1.040000000000001,1.05,1.05
-5.109999999999999,0.9900000000000011,1.051189802081432,1.051189802081432
-5.109999999999999,0.9400000000000004,1.0547511554864495,1.0547511554864495
-5.109999999999999,0.8900000000000006,1.0606601717798214,1.0606601717798214
-5.109999999999999,0.8400000000000007,1.0688779163215976,1.0688779163215976
-5.109999999999999,0.7900000000000009,1.0793516572461452,1.0793516572461452
-5.109999999999999,0.7400000000000011,1.0920164833920778,1.0920164833920778
-5.109999999999999,0.6900000000000004,1.1,1.1
-5.109999999999999,0.6400000000000006,1.1,1.1
-5.109999999999999,0.5900000000000007,1.1,1.1
-5.109999999999999,0.5400000000000009,1.1,1.1
-5.109999999999999,0.4900000000000011,1.1,1.1
-5.109999999999999,0.4400000000000004,1.1,1.1
-5.109999999999999,0.39000000000000057,1.1,1.1
-5.109999999999999,0.34000000000000075,1.1,1.1
-5.109999999999999,0.2900000000000009,1.1,1.1
-5.109999999999999,0.2400000000000002,1.1,1.1
-5.109999999999999,0.1900000000000004,1.1,1.1
-5.109999999999999,0.14000000000000057,1.101135777277262,1.101135777277262
-5.109999999999999,0.09000000000000075,1.1,1.1
