-7.9559999999999995,11.709,0.75,0.75
-7.9559999999999995,11.658999999999999,0.75,0.75
-7.9559999999999995,11.608999999999998,0.7516648189186454,0.7516648189186454
-7.9559999999999995,11.559000000000001,0.7566372975210779,0.7566372975210779
-7.9559999999999995,11.509,0.7648529270389178,0.7648529270389178
-7.906000000000001,11.459,0.7280109889280518,0.7280109889280518
-7.906000000000001,11.408999999999999,0.7433034373659253,0.7433034373659253
-7.906000000000001,11.358999999999998,0.7615773105863909,0.7615773105863909
-7.906000000000001,11.309000000000001,0.7615773105863909,0.7615773105863909
-7.856,11.259,0.7632168761236874,0.7632168761236874
-7.806,11.209,0.75,0.75
-7.806,11.158999999999999,0.7632168761236874,0.7632168761236874
-7.756,11.108999999999998,0.7778174593052023,0.7778174593052023
-7.7059999999999995,11.059000000000001,0.7762087348130012,0.7762087348130012
-7.656000000000001,11.009,0.7433034373659253,0.7433034373659253
-7.606,11.009,0.75,0.75
-7.556,10.959,0.73824115301167,0.73824115301167
-7.506,10.959,0.73824115301167,0.73824115301167
-7.4559999999999995,10.908999999999999,0.7000000000000001,0.7000000000000001
-7.406000000000001,10.908999999999999,0.7000000000000001,0.7000000000000001
-7.356,10.908999999999999,0.7000000000000001,0.7000000000000001
-7.306,10.858999999999998,0.651920240520265,0.651920240520265
-7.256,10.858999999999998,0.6576473218982953,0.6576473218982953
-7.2059999999999995,10.858999999999998,0.6670832032063168,0.6670832032063168
-7.156000000000001,10.858999999999998,0.6800735254367722,0.6800735254367722
-7.106,10.858999999999998,0.696419413859206,0.696419413859206
-7.056,10.858999999999998,0.7158910531638177,0.7158910531638177
-7.006,10.858999999999998,0.7071067811865476,0.7071067811865476
-6.956,10.858999999999998,0.70178344238091,0.70178344238091
-6.906,10.858999999999998,0.7000000000000001,0.7000000000000001
-6.856,10.858999999999998,0.70178344238091,0.70178344238091
-6.806,10.858999999999998,0.7071067811865476,0.7071067811865476
-6.756,10.858999999999998,0.7158910531638177,0.7158910531638177
-6.706,10.858999999999998,0.7158910531638177,0.7158910531638177
-6.656,10.858999999999998,0.7071067811865476,0.7071067811865476
-6.606,10.858999999999998,0.70178344238091,0.70178344238091
-6.556,10.858999999999998,0.7000000000000001,0.7000000000000001
-6.506,10.858999999999998,0.7000000000000001,0.7000000000000001
-6.456,10.858999999999998,0.7000000000000001,0.7000000000000001
-6.406,10.858999999999998,0.7000000000000001,0.7000000000000001
-6.356,10.908999999999999,0.70178344238091,0.70178344238091
-6.306,10.908999999999999,0.7000000000000001,0.7000000000000001
-6.256,10.908999999999999,0.7000000000000001,0.7000000000000001
-6.2059999999999995,10.908999999999999,0.7000000000000001,0.7000000000000001
-6.156,10.908999999999999,0.7000000000000001,0.7000000000000001
-6.106,10.908999999999999,0.70178344238091,0.70178344238091
-6.056,10.908999999999999,0.7071067811865476,0.7071067811865476
-6.006,10.908999999999999,0.7071067811865476,0.7071067811865476
-5.9559999999999995,10.908999999999999,0.696419413859206,0.696419413859206
-5.906,10.908999999999999,0.6800735254367722,0.6800735254367722
-5.856,10.908999999999999,0.6670832032063168,0.6670832032063168
-5.806,10.908999999999999,0.6576473218982953,0.6576473218982953
-5.756,10.908999999999999,0.651920240520265,0.651920240520265
-5.7059999999999995,10.959,0.7000000000000001,0.7000000000000001
-5.656,10.959,0.7000000000000001,0.7000000000000001
-5.606,10.959,0.7000000000000001,0.7000000000000001
-5.556,10.959,0.7000000000000001,0.7000000000000001
-5.506,10.959,0.7000000000000001,0.7000000000000001
-5.4559999999999995,10.959,0.7000000000000001,0.7000000000000001
-5.406,10.959,0.7000000000000001,0.7000000000000001
-5.356,10.959,0.70178344238091,0.70178344238091
-5.306,10.959,0.7071067811865476,0.7071067811865476
-5.256,10.959,0.7158910531638177,0.7158910531638177
-5.2059999999999995,10.959,0.7280109889280518,0.7280109889280518
-5.156,10.959,0.7433034373659253,0.7433034373659253
-5.106,10.959,0.7566372975210779,0.7566372975210779
-5.056,10.959,0.7516648189186454,0.7516648189186454
-5.006,10.959,0.75,0.75
-4.9559999999999995,10.959,0.75,0.75
-4.906,10.959,0.7433034373659253,0.7433034373659253
-4.856,10.959,0.7280109889280518,0.7280109889280518
-4.806,10.959,0.7158910531638177,0.7158910531638177
-4.756,10.959,0.7071067811865476,0.7071067811865476
-4.7059999999999995,10.959,0.70178344238091,0.70178344238091
-4.656,10.959,0.7000000000000001,0.7000000000000001
-4.606,10.959,0.7000000000000001,0.7000000000000001
-4.556,10.959,0.7000000000000001,0.7000000000000001
-4.506,10.959,0.7000000000000001,0.7000000000000001
-4.4559999999999995,10.959,0.7000000000000001,0.7000000000000001
-4.406,10.959,0.7000000000000001,0.7000000000000001
-4.356,10.959,0.70178344238091,0.70178344238091
-4.306,10.959,0.7071067811865476,0.7071067811865476
-4.256,10.959,0.7158910531638177,0.7158910531638177
-4.2059999999999995,10.959,0.7280109889280518,0.7280109889280518
-4.156,10.959,0.7433034373659253,0.7433034373659253
-4.106,11.009,0.7905694150420949,0.7905694150420949
-4.056,11.009,0.7762087348130012,0.7762087348130012
-4.006,11.009,0.7648529270389178,0.7648529270389178
-3.9559999999999995,11.009,0.7566372975210779,0.7566372975210779
-3.9059999999999997,11.009,0.7516648189186454,0.7516648189186454
-3.856,11.009,0.75,0.75
-3.806,11.009,0.75,0.75
-3.7560000000000002,11.009,0.75,0.75
-3.7059999999999995,11.009,0.75,0.75
-3.6559999999999997,11.009,0.75,0.75
-3.606,11.009,0.75,0.75
-3.556,11.009,0.75,0.75
-3.5060000000000002,11.009,0.7433034373659253,0.7433034373659253
-3.4559999999999995,11.009,0.7280109889280518,0.7280109889280518
-3.4059999999999997,11.009,0.7158910531638177,0.7158910531638177
-3.356,11.009,0.7071067811865476,0.7071067811865476
-3.306,11.059000000000001,0.7516648189186454,0.7516648189186454
-3.2560000000000002,11.059000000000001,0.75,0.75
-3.2059999999999995,11.059000000000001,0.75,0.75
-3.1559999999999997,11.108999999999998,0.70178344238091,0.70178344238091
-3.106,11.108999999999998,0.7000000000000001,0.7000000000000001
-3.056,11.108999999999998,0.7000000000000001,0.7000000000000001
-3.0060000000000002,11.108999999999998,0.7000000000000001,0.7000000000000001
-2.9559999999999995,11.108999999999998,0.7000000000000001,0.7000000000000001
-2.9060000000000006,11.108999999999998,0.70178344238091,0.70178344238091
-2.856,11.108999999999998,0.7071067811865476,0.7071067811865476
-2.805999999999999,11.108999999999998,0.7071067811865476,0.7071067811865476
-2.7560000000000002,11.108999999999998,0.70178344238091,0.70178344238091
-2.7059999999999995,11.108999999999998,0.7000000000000001,0.7000000000000001
-2.6560000000000006,11.108999999999998,0.7000000000000001,0.7000000000000001
-2.606,11.108999999999998,0.7000000000000001,0.7000000000000001
-2.555999999999999,11.108999999999998,0.7000000000000001,0.7000000000000001
-2.5060000000000002,11.158999999999999,0.75,0.75
-2.4559999999999995,11.158999999999999,0.7433034373659253,0.7433034373659253
-2.4060000000000006,11.158999999999999,0.7280109889280518,0.7280109889280518
-2.356,11.158999999999999,0.7158910531638177,0.7158910531638177
-2.305999999999999,11.209,0.7000000000000001,0.7000000000000001
-2.2560000000000002,11.209,0.7000000000000001,0.7000000000000001
-2.2059999999999995,11.209,0.7000000000000001,0.7000000000000001
-2.1560000000000006,11.209,0.7000000000000001,0.7000000000000001
-2.106,11.209,0.7000000000000001,0.7000000000000001
-2.055999999999999,11.209,0.7000000000000001,0.7000000000000001
-2.0060000000000002,11.209,0.7000000000000001,0.7000000000000001
-1.9559999999999995,11.209,0.7000000000000001,0.7000000000000001
-1.9060000000000006,11.209,0.7000000000000001,0.7000000000000001
-1.8559999999999999,11.209,0.7000000000000001,0.7000000000000001
-1.8059999999999992,11.209,0.7000000000000001,0.7000000000000001
-1.7560000000000002,11.209,0.7000000000000001,0.7000000000000001
-1.7059999999999995,11.209,0.7000000000000001,0.7000000000000001
-1.6560000000000006,11.209,0.7000000000000001,0.7000000000000001
-1.6059999999999999,11.209,0.7000000000000001,0.7000000000000001
-1.5559999999999992,11.209,0.70178344238091,0.70178344238091
-1.5060000000000002,11.209,0.7071067811865476,0.7071067811865476
-1.4559999999999995,11.209,0.7158910531638177,0.7158910531638177
-1.4059999999999988,11.158999999999999,0.6800735254367722,0.6800735254367722
-1.3559999999999999,11.158999999999999,0.696419413859206,0.696419413859206
-1.3059999999999992,11.158999999999999,0.7158910531638177,0.7158910531638177
-1.2560000000000002,11.158999999999999,0.73824115301167,0.73824115301167
-1.2059999999999995,11.158999999999999,0.7280109889280518,0.7280109889280518
-1.1559999999999988,11.108999999999998,0.75,0.75
-1.1059999999999999,11.059000000000001,0.7433034373659253,0.7433034373659253
-1.0559999999999992,11.009,0.7433034373659253,0.7433034373659253
-1.0060000000000002,10.959,0.7433034373659253,0.7433034373659253
-0.9559999999999995,10.908999999999999,0.7433034373659253,0.7433034373659253
-0.9059999999999988,10.858999999999998,0.7433034373659253,0.7433034373659253
-0.9059999999999988,10.809000000000001,0.7106335201775948,0.7106335201775948
-0.8559999999999999,10.759,0.7211102550927979,0.7211102550927979
-0.8059999999999992,10.709,0.73824115301167,0.73824115301167
-0.8059999999999992,10.658999999999999,0.7158910531638177,0.7158910531638177
-0.7560000000000002,10.608999999999998,0.7433034373659253,0.7433034373659253
-0.7560000000000002,10.559000000000001,0.7280109889280518,0.7280109889280518
-0.7560000000000002,10.509,0.7158910531638177,0.7158910531638177
-0.7560000000000002,10.459,0.7071067811865476,0.7071067811865476
-0.7560000000000002,10.408999999999999,0.70178344238091,0.70178344238091
-0.7059999999999995,10.358999999999998,0.75,0.75
-0.7059999999999995,10.309000000000001,0.75,0.75
-0.7059999999999995,10.259,0.75,0.75
-0.7059999999999995,10.209,0.75,0.75
-0.7059999999999995,10.158999999999999,0.75,0.75
-0.7059999999999995,10.108999999999998,0.7516648189186454,0.7516648189186454
-0.7059999999999995,10.059000000000001,0.7566372975210779,0.7566372975210779
-0.7560000000000002,10.009,0.7158910531638177,0.7158910531638177
-0.7560000000000002,9.959,0.7280109889280518,0.7280109889280518
-0.7560000000000002,9.908999999999999,0.7433034373659253,0.7433034373659253
-0.7560000000000002,9.858999999999998,0.7615773105863909,0.7615773105863909
-0.7560000000000002,9.809000000000001,0.7826237921249265,0.7826237921249265
-0.8059999999999992,9.759,0.7632168761236874,0.7632168761236874
-0.8559999999999999,9.709,0.75,0.75
-0.8559999999999999,9.658999999999999,0.7778174593052023,0.7778174593052023
-0.9059999999999988,9.608999999999998,0.7778174593052023,0.7778174593052023
-0.9559999999999995,9.559000000000001,0.7778174593052023,0.7778174593052023
-1.0060000000000002,9.509,0.7778174593052023,0.7778174593052023
-1.0559999999999992,9.459,0.7615773105863909,0.7615773105863909
-1.1059999999999999,9.408999999999999,0.73824115301167,0.73824115301167
-1.1559999999999988,9.408999999999999,0.75,0.75
-1.2059999999999995,9.358999999999998,0.7071067811865476,0.7071067811865476
-1.2560000000000002,9.358999999999998,0.7158910531638177,0.7158910531638177
-1.3059999999999992,9.309000000000001,0.6800735254367722,0.6800735254367722
-1.3559999999999999,9.309000000000001,0.696419413859206,0.696419413859206
-1.4059999999999988,9.309000000000001,0.7158910531638177,0.7158910531638177
-1.4559999999999995,9.309000000000001,0.7158910531638177,0.7158910531638177
-1.5060000000000002,9.309000000000001,0.7071067811865476,0.7071067811865476
-1.5559999999999992,9.259,0.7000000000000001,0.7000000000000001
-1.6059999999999999,9.259,0.7000000000000001,0.7000000000000001
-1.6560000000000006,9.259,0.70178344238091,0.70178344238091
-1.7059999999999995,9.259,0.7071067811865476,0.7071067811865476
-1.7560000000000002,9.209,0.6670832032063168,0.6670832032063168
-1.8059999999999992,9.209,0.6800735254367722,0.6800735254367722
-1.8559999999999999,9.209,0.696419413859206,0.696419413859206
-1.9060000000000006,9.209,0.7000000000000001,0.7000000000000001
-1.9559999999999995,9.209,0.7000000000000001,0.7000000000000001
-2.0060000000000002,9.209,0.70178344238091,0.70178344238091
-2.055999999999999,9.209,0.70178344238091,0.70178344238091
-2.106,9.209,0.7000000000000001,0.7000000000000001
-2.1560000000000006,9.158999999999999,0.6800735254367722,0.6800735254367722
-2.2059999999999995,9.158999999999999,0.696419413859206,0.696419413859206
-2.2560000000000002,9.158999999999999,0.7000000000000001,0.7000000000000001
-2.305999999999999,9.158999999999999,0.7000000000000001,0.7000000000000001
-2.356,9.158999999999999,0.70178344238091,0.70178344238091
-2.4060000000000006,9.108999999999998,0.6576473218982953,0.6576473218982953
-2.4559999999999995,9.108999999999998,0.6670832032063168,0.6670832032063168
-2.5060000000000002,9.108999999999998,0.6800735254367722,0.6800735254367722
-2.555999999999999,9.108999999999998,0.696419413859206,0.696419413859206
-2.606,9.108999999999998,0.7000000000000001,0.7000000000000001
-2.6560000000000006,9.108999999999998,0.7000000000000001,0.7000000000000001
-2.7059999999999995,9.108999999999998,0.7000000000000001,0.7000000000000001
-2.7560000000000002,9.108999999999998,0.7000000000000001,0.7000000000000001
-2.805999999999999,9.059000000000001,0.65,0.65
-2.856,9.059000000000001,0.65,0.65
-2.9060000000000006,9.059000000000001,0.65,0.65
-2.9559999999999995,9.059000000000001,0.65,0.65
-3.0060000000000002,9.059000000000001,0.65,0.65
-3.056,9.059000000000001,0.65,0.65
-3.106,9.059000000000001,0.65,0.65
-3.1559999999999997,9.059000000000001,0.65,0.65
-3.2059999999999995,9.059000000000001,0.65,0.65
-3.2560000000000002,9.059000000000001,0.65,0.65
-3.306,9.059000000000001,0.65,0.65
-3.356,9.059000000000001,0.65,0.65
-3.4059999999999997,9.059000000000001,0.65,0.65
-3.4559999999999995,9.059000000000001,0.65,0.65
-3.5060000000000002,9.059000000000001,0.65,0.65
-3.556,9.059000000000001,0.65,0.65
-3.606,9.059000000000001,0.65,0.65
-3.6559999999999997,9.059000000000001,0.651920240520265,0.651920240520265
-3.7059999999999995,9.059000000000001,0.65,0.65
-3.7560000000000002,9.059000000000001,0.65,0.65
-3.806,9.059000000000001,0.65,0.65
-3.856,9.059000000000001,0.65,0.65
-3.9059999999999997,9.059000000000001,0.65,0.65
-3.9559999999999995,9.059000000000001,0.65,0.65
-4.006,9.059000000000001,0.65,0.65
-4.056,9.009,0.65,0.65
-4.106,9.009,0.65,0.65
-4.156,9.009,0.65,0.65
-4.2059999999999995,9.009,0.651920240520265,0.651920240520265
-4.256,9.009,0.6576473218982953,0.6576473218982953
-4.306,9.009,0.6670832032063168,0.6670832032063168
-4.356,9.009,0.6800735254367722,0.6800735254367722
-4.406,9.009,0.696419413859206,0.696419413859206
-4.4559999999999995,9.009,0.7000000000000001,0.7000000000000001
-4.506,9.009,0.7000000000000001,0.7000000000000001
-4.556,9.009,0.7000000000000001,0.7000000000000001
-4.606,8.959,0.696419413859206,0.696419413859206
-4.656,8.959,0.7158910531638177,0.7158910531638177
-4.7059999999999995,8.959,0.7280109889280518,0.7280109889280518
-4.756,8.959,0.7158910531638177,0.7158910531638177
-4.806,8.959,0.7071067811865476,0.7071067811865476
-4.856,8.959,0.70178344238091,0.70178344238091
-4.906,8.959,0.7000000000000001,0.7000000000000001
-4.9559999999999995,8.908999999999999,0.75,0.75
-5.006,8.908999999999999,0.75,0.75
-5.056,8.858999999999998,0.8,0.8
-5.106,8.858999999999998,0.8,0.8
-5.156,8.858999999999998,0.8,0.8
-5.2059999999999995,8.858999999999998,0.8,0.8
-5.256,8.809000000000001,0.8381527307120106,0.8381527307120106
-5.306,8.809000000000001,0.8246211251235321,0.8246211251235321
-5.356,8.809000000000001,0.8139410298049854,0.8139410298049854
-5.406,8.759,0.8558621384311845,0.8558621384311845
-5.4559999999999995,8.709,0.9013878188659974,0.9013878188659974
-5.506,8.658999999999999,0.9013878188659974,0.9013878188659974
-5.506,8.609000000000002,0.9055385138137417,0.9055385138137417
-5.556,8.559000000000001,0.8631338250816034,0.8631338250816034
-5.606,8.509,0.8246211251235321,0.8246211251235321
-5.656,8.459,0.7905694150420949,0.7905694150420949
-5.656,8.408999999999999,0.8,0.8
-5.656,8.359000000000002,0.8,0.8
-5.7059999999999995,8.309000000000001,0.75,0.75
-5.7059999999999995,8.259,0.75,0.75
-5.7059999999999995,8.209,0.75,0.75
-5.7059999999999995,8.158999999999999,0.75,0.75
-5.7059999999999995,8.109000000000002,0.75,0.75
-5.756,8.059000000000001,0.7000000000000001,0.7000000000000001
-5.756,8.009,0.7000000000000001,0.7000000000000001
-5.756,7.9590000000000005,0.7000000000000001,0.7000000000000001
-5.756,7.909,0.7000000000000001,0.7000000000000001
-5.756,7.859000000000001,0.7000000000000001,0.7000000000000001
-5.756,7.809,0.7000000000000001,0.7000000000000001
-5.756,7.759000000000001,0.7000000000000001,0.7000000000000001
-5.756,7.7090000000000005,0.7000000000000001,0.7000000000000001
-5.756,7.659,0.7000000000000001,0.7000000000000001
-5.756,7.609000000000001,0.7000000000000001,0.7000000000000001
-5.756,7.559,0.7000000000000001,0.7000000000000001
-5.756,7.509000000000001,0.7000000000000001,0.7000000000000001
-5.756,7.4590000000000005,0.7000000000000001,0.7000000000000001
-5.756,7.409,0.7000000000000001,0.7000000000000001
-5.756,7.359000000000001,0.7000000000000001,0.7000000000000001
-5.756,7.309,0.7000000000000001,0.7000000000000001
-5.756,7.259000000000001,0.7000000000000001,0.7000000000000001
-5.756,7.2090000000000005,0.7000000000000001,0.7000000000000001
-5.756,7.159,0.7000000000000001,0.7000000000000001
-5.756,7.109000000000001,0.7000000000000001,0.7000000000000001
-5.756,7.059,0.7000000000000001,0.7000000000000001
-5.756,7.009000000000001,0.7000000000000001,0.7000000000000001
-5.756,6.9590000000000005,0.7000000000000001,0.7000000000000001
-5.756,6.909,0.7000000000000001,0.7000000000000001
-5.756,6.859000000000001,0.7000000000000001,0.7000000000000001
-5.756,6.809,0.7000000000000001,0.7000000000000001
-5.756,6.759000000000001,0.7000000000000001,0.7000000000000001
-5.7059999999999995,6.7090000000000005,0.7000000000000001,0.7000000000000001
-5.7059999999999995,6.659,0.7000000000000001,0.7000000000000001
-5.7059999999999995,6.609000000000001,0.70178344238091,0.70178344238091
-5.7059999999999995,6.559,0.7071067811865476,0.7071067811865476
-5.7059999999999995,6.509000000000001,0.7158910531638177,0.7158910531638177
-5.7059999999999995,6.4590000000000005,0.7280109889280518,0.7280109889280518
-5.7059999999999995,6.409,0.7158910531638177,0.7158910531638177
-5.7059999999999995,6.359000000000001,0.7071067811865476,0.7071067811865476
-5.7059999999999995,6.309,0.70178344238091,0.70178344238091
-5.7059999999999995,6.259000000000001,0.7000000000000001,0.7000000000000001
-5.656,6.2090000000000005,0.70178344238091,0.70178344238091
-5.656,6.159,0.7000000000000001,0.7000000000000001
-5.656,6.109000000000001,0.70178344238091,0.70178344238091
-5.656,6.059,0.7071067811865476,0.7071067811865476
-5.656,6.009000000000001,0.70178344238091,0.70178344238091
-5.656,5.9590000000000005,0.696419413859206,0.696419413859206
-5.656,5.909,0.6800735254367722,0.6800735254367722
-5.656,5.859000000000001,0.6670832032063168,0.6670832032063168
-5.606,5.809,0.6576473218982953,0.6576473218982953
-5.606,5.759000000000001,0.651920240520265,0.651920240520265
-5.606,5.7090000000000005,0.65,0.65
-5.606,5.659,0.651920240520265,0.651920240520265
-5.606,5.609000000000001,0.65,0.65
-5.606,5.559,0.651920240520265,0.651920240520265
-5.606,5.509000000000001,0.65,0.65
-5.606,5.4590000000000005,0.65,0.65
-5.606,5.409,0.65,0.65
-5.606,5.359000000000001,0.65,0.65
-5.606,5.309,0.65,0.65
-5.606,5.259000000000001,0.65,0.65
-5.606,5.2090000000000005,0.65,0.65
-5.606,5.159,0.65,0.65
-5.606,5.109000000000001,0.65,0.65
-5.606,5.059,0.65,0.65
-5.606,5.009000000000001,0.65,0.65
-5.606,4.9590000000000005,0.65,0.65
-5.606,4.909,0.65,0.65
-5.606,4.859000000000001,0.65,0.65
-5.606,4.809,0.65,0.65
-5.606,4.759000000000001,0.65,0.65
-5.606,4.7090000000000005,0.65,0.65
-5.606,4.659,0.65,0.65
-5.556,4.609000000000001,0.7000000000000001,0.7000000000000001
-5.556,4.559,0.7000000000000001,0.7000000000000001
-5.556,4.509000000000001,0.7000000000000001,0.7000000000000001
-5.556,4.4590000000000005,0.7000000000000001,0.7000000000000001
-5.556,4.409,0.7000000000000001,0.7000000000000001
-5.556,4.359000000000001,0.7000000000000001,0.7000000000000001
-5.556,4.309,0.7000000000000001,0.7000000000000001
-5.556,4.259000000000001,0.7000000000000001,0.7000000000000001
-5.556,4.2090000000000005,0.7000000000000001,0.7000000000000001
-5.556,4.159,0.7000000000000001,0.7000000000000001
-5.556,4.109000000000001,0.7000000000000001,0.7000000000000001
-5.556,4.059,0.7000000000000001,0.7000000000000001
-5.556,4.009000000000001,0.7000000000000001,0.7000000000000001
-5.556,3.9590000000000005,0.7000000000000001,0.7000000000000001
-5.556,3.909,0.7000000000000001,0.7000000000000001
-5.556,3.859000000000001,0.7000000000000001,0.7000000000000001
-5.556,3.809,0.7000000000000001,0.7000000000000001
-5.556,3.7590000000000012,0.7000000000000001,0.7000000000000001
-5.556,3.7090000000000005,0.7000000000000001,0.7000000000000001
-5.556,3.659,0.70178344238091,0.70178344238091
-5.556,3.609000000000001,0.7071067811865476,0.7071067811865476
-5.556,3.559,0.7158910531638177,0.7158910531638177
-5.556,3.5090000000000012,0.7280109889280518,0.7280109889280518
-5.556,3.4590000000000005,0.7433034373659253,0.7433034373659253
-5.556,3.409,0.75,0.75
-5.556,3.359000000000001,0.75,0.75
-5.556,3.309,0.7516648189186454,0.7516648189186454
-5.556,3.2590000000000012,0.75,0.75
-5.556,3.2090000000000005,0.7516648189186454,0.7516648189186454
-5.556,3.159,0.7516648189186454,0.7516648189186454
-5.556,3.109000000000001,0.75,0.75
-5.556,3.059,0.7516648189186454,0.7516648189186454
-5.556,3.0090000000000012,0.7566372975210779,0.7566372975210779
-5.556,2.9590000000000005,0.7648529270389178,0.7648529270389178
-5.556,2.909,0.7648529270389178,0.7648529270389178
-5.556,2.859000000000001,0.7566372975210779,0.7566372975210779
-5.556,2.809,0.7516648189186454,0.7516648189186454
-5.556,2.7590000000000012,0.75,0.75
-5.556,2.7090000000000005,0.75,0.75
-5.556,2.659,0.75,0.75
-5.506,2.609000000000001,0.75,0.75
-5.506,2.559,0.75,0.75
-5.506,2.5090000000000012,0.75,0.75
-5.506,2.4590000000000005,0.75,0.75
-5.506,2.409,0.75,0.75
-5.506,2.359000000000001,0.75,0.75
-5.506,2.309,0.75,0.75
-5.506,2.2590000000000012,0.75,0.75
-5.506,2.2090000000000005,0.75,0.75
-5.506,2.159,0.75,0.75
-5.506,2.109000000000001,0.75,0.75
-5.506,2.059,0.75,0.75
-5.506,2.0089999999999995,0.75,0.75
-5.506,1.9590000000000005,0.75,0.75
-5.506,1.9089999999999998,0.75,0.75
-5.506,1.8590000000000009,0.75,0.75
-5.506,1.8090000000000002,0.75,0.75
-5.506,1.7589999999999995,0.7433034373659253,0.7433034373659253
-5.506,1.7090000000000005,0.7280109889280518,0.7280109889280518
-5.4559999999999995,1.6589999999999998,0.7158910531638177,0.7158910531638177
-5.4559999999999995,1.6090000000000009,0.7280109889280518,0.7280109889280518
-5.4559999999999995,1.5590000000000002,0.7433034373659253,0.7433034373659253
-5.4559999999999995,1.5089999999999995,0.75,0.75
-5.4559999999999995,1.4590000000000005,0.73824115301167,0.73824115301167
-5.4559999999999995,1.4089999999999998,0.7158910531638177,0.7158910531638177
-5.406,1.3590000000000009,0.7433034373659253,0.7433034373659253
-5.406,1.3090000000000002,0.7280109889280518,0.7280109889280518
-5.406,1.2589999999999995,0.7158910531638177,0.7158910531638177
-5.356,1.2090000000000005,0.7433034373659253,0.7433034373659253
-5.306,1.1589999999999998,0.7632168761236874,0.7632168761236874
-5.256,1.1090000000000009,0.7280109889280518,0.7280109889280518
-5.256,1.0590000000000002,0.7433034373659253,0.7433034373659253
-5.256,1.0089999999999995,0.73824115301167,0.73824115301167
-5.2059999999999995,0.9590000000000005,0.73824115301167,0.73824115301167
-5.2059999999999995,0.9089999999999998,0.73824115301167,0.73824115301167
-5.156,0.8590000000000009,0.75,0.75
-5.156,0.8090000000000002,0.73824115301167,0.73824115301167
-5.106,0.7589999999999995,0.75,0.75
-5.056,0.7090000000000005,0.7632168761236874,0.7632168761236874
-5.006,0.6589999999999998,0.7810249675906654,0.7810249675906654
-4.9559999999999995,0.609,0.7905694150420949,0.7905694150420949
-4.906,0.5590000000000002,0.8062257748298549,0.8062257748298549
-4.856,0.5090000000000003,0.8276472678623424,0.8276472678623424
-4.806,0.4590000000000005,0.848528137423857,0.848528137423857
-4.756,0.4089999999999998,0.848528137423857,0.848528137423857
-4.7059999999999995,0.359,0.8514693182963202,0.8514693182963202
-4.656,0.30900000000000016,0.8602325267042628,0.8602325267042628
-4.606,0.25900000000000034,0.8500000000000001,0.8500000000000001
-4.556,0.25900000000000034,0.8500000000000001,0.8500000000000001
-4.506,0.20900000000000052,0.8500000000000001,0.8500000000000001
-4.4559999999999995,0.20900000000000052,0.8500000000000001,0.8500000000000001
-4.406,0.1589999999999998,0.8139410298049854,0.8139410298049854
-4.356,0.1589999999999998,0.8246211251235321,0.8246211251235321
-4.306,0.10899999999999999,0.7905694150420949,0.7905694150420949
-4.256,0.10899999999999999,0.8015609770940699,0.8015609770940699
-4.2059999999999995,0.10899999999999999,0.8062257748298549,0.8062257748298549
-4.156,0.05900000000000016,0.7648529270389178,0.7648529270389178
-4.106,0.05900000000000016,0.7762087348130012,0.7762087348130012
-4.056,0.05900000000000016,0.7905694150420949,0.7905694150420949
-4.006,0.05900000000000016,0.8,0.8
-3.9559999999999995,0.05900000000000016,0.7905694150420949,0.7905694150420949
-3.9059999999999997,0.05900000000000016,0.7762087348130012,0.7762087348130012
-3.856,0.05900000000000016,0.7648529270389178,0.7648529270389178
-3.806,0.05900000000000016,0.7566372975210779,0.7566372975210779
-3.7560000000000002,0.05900000000000016,0.7516648189186454,0.7516648189186454
-3.7059999999999995,0.05900000000000016,0.75,0.75
-3.6559999999999997,0.05900000000000016,0.75,0.75
-3.606,0.05900000000000016,0.75,0.75
-3.556,0.05900000000000016,0.75,0.75
-3.5060000000000002,0.05900000000000016,0.75,0.75
-3.4559999999999995,0.05900000000000016,0.75,0.75
-3.4059999999999997,0.05900000000000016,0.75,0.75
-3.356,0.05900000000000016,0.75,0.75
-3.306,0.05900000000000016,0.75,0.75
-3.2560000000000002,0.05900000000000016,0.75,0.75
-3.2059999999999995,0.05900000000000016,0.75,0.75
-3.1559999999999997,0.05900000000000016,0.75,0.75
-3.106,0.05900000000000016,0.75,0.75
-3.056,0.05900000000000016,0.75,0.75
-3.0060000000000002,0.05900000000000016,0.75,0.75
-2.9559999999999995,0.05900000000000016,0.75,0.75
-2.9060000000000006,0.05900000000000016,0.75,0.75
-2.856,0.05900000000000016,0.75,0.75
-2.805999999999999,0.05900000000000016,0.75,0.75
-2.7560000000000002,0.05900000000000016,0.75,0.75
-2.7059999999999995,0.05900000000000016,0.75,0.75
-2.6560000000000006,0.05900000000000016,0.75,0.75
-2.606,0.05900000000000016,0.7433034373659253,0.7433034373659253
-2.555999999999999,0.05900000000000016,0.7280109889280518,0.7280109889280518
-2.5060000000000002,0.05900000000000016,0.7158910531638177,0.7158910531638177
-2.4559999999999995,0.05900000000000016,0.7071067811865476,0.7071067811865476
-2.4060000000000006,0.05900000000000016,0.70178344238091,0.70178344238091
-2.356,0.05900000000000016,0.7000000000000001,0.7000000000000001
-2.305999999999999,0.05900000000000016,0.7000000000000001,0.7000000000000001
-2.2560000000000002,0.05900000000000016,0.7000000000000001,0.7000000000000001
-2.2059999999999995,0.05900000000000016,0.7000000000000001,0.7000000000000001
-2.1560000000000006,0.05900000000000016,0.7000000000000001,0.7000000000000001
-2.106,0.05900000000000016,0.7000000000000001,0.7000000000000001
-2.055999999999999,0.05900000000000016,0.7000000000000001,0.7000000000000001
-2.0060000000000002,0.05900000000000016,0.7000000000000001,0.7000000000000001
-1.9559999999999995,0.05900000000000016,0.7000000000000001,0.7000000000000001
-1.9060000000000006,0.05900000000000016,0.7000000000000001,0.7000000000000001
-1.8559999999999999,0.05900000000000016,0.7000000000000001,0.7000000000000001
-1.8059999999999992,0.05900000000000016,0.7000000000000001,0.7000000000000001
-1.7560000000000002,0.05900000000000016,0.696419413859206,0.696419413859206
-1.7059999999999995,0.05900000000000016,0.6800735254367722,0.6800735254367722
-1.6560000000000006,0.05900000000000016,0.6670832032063168,0.6670832032063168
-1.6059999999999999,0.05900000000000016,0.6576473218982953,0.6576473218982953
-1.5559999999999992,0.05900000000000016,0.651920240520265,0.651920240520265
-1.5060000000000002,0.05900000000000016,0.65,0.65
-1.4559999999999995,0.05900000000000016,0.65,0.65
-1.4059999999999988,0.05900000000000016,0.65,0.65
-1.3559999999999999,0.05900000000000016,0.65,0.65
-1.3059999999999992,0.05900000000000016,0.65,0.65
-1.2560000000000002,0.05900000000000016,0.65,0.65
-1.2059999999999995,0.05900000000000016,0.65,0.65
-1.1559999999999988,0.05900000000000016,0.65,0.65
-1.1059999999999999,0.05900000000000016,0.651920240520265,0.651920240520265
-1.0559999999999992,0.05900000000000016,0.6576473218982953,0.6576473218982953
-1.0060000000000002,0.05900000000000016,0.6670832032063168,0.6670832032063168
-0.9559999999999995,0.05900000000000016,0.6800735254367722,0.6800735254367722
-0.9059999999999988,0.05900000000000016,0.696419413859206,0.696419413859206
-0.8559999999999999,0.05900000000000016,0.7000000000000001,0.7000000000000001
-0.8059999999999992,0.009000000000000341,0.65,0.65
-0.7560000000000002,0.009000000000000341,0.65,0.65
-0.7059999999999995,-0.04099999999999948,0.6020797289396148,0.6020797289396148
-0.6559999999999988,-0.04099999999999948,0.608276253029822,0.608276253029822
-0.6059999999999999,-0.04099999999999948,0.6184658438426491,0.6184658438426491
-0.5559999999999992,-0.04099999999999948,0.632455532033676,0.632455532033676
-0.5060000000000002,-0.04099999999999948,0.65,0.65
-0.4559999999999995,-0.04099999999999948,0.6576473218982953,0.6576473218982953
-0.4059999999999988,-0.04099999999999948,0.651920240520265,0.651920240520265
-0.35599999999999987,-0.04099999999999948,0.65,0.65
-0.30599999999999916,-0.09100000000000019,0.6946221994724903,0.6946221994724903
-0.2560000000000002,-0.09100000000000019,0.696419413859206,0.696419413859206
-0.20599999999999952,-0.09100000000000019,0.6800735254367722,0.6800735254367722
-0.1559999999999988,-0.09100000000000019,0.6670832032063168,0.6670832032063168
-0.10599999999999987,-0.14100000000000001,0.6800735254367722,0.6800735254367722
-0.05599999999999916,-0.14100000000000001,0.696419413859206,0.696419413859206
-0.006000000000000227,-0.14100000000000001,0.7000000000000001,0.7000000000000001
0.04400000000000048,-0.14100000000000001,0.70178344238091,0.70178344238091
0.0940000000000012,-0.14100000000000001,0.70178344238091,0.70178344238091
0.14400000000000013,-0.14100000000000001,0.7000000000000001,0.7000000000000001
0.19400000000000084,-0.14100000000000001,0.7000000000000001,0.7000000000000001
0.24399999999999977,-0.14100000000000001,0.7000000000000001,0.7000000000000001
0.2940000000000005,-0.19099999999999984,0.75,0.75
0.3440000000000012,-0.19099999999999984,0.75,0.75
0.39400000000000013,-0.19099999999999984,0.75,0.75
0.44400000000000084,-0.19099999999999984,0.75,0.75
0.4939999999999998,-0.19099999999999984,0.75,0.75
0.5440000000000005,-0.19099999999999984,0.75,0.75
0.5940000000000012,-0.24099999999999966,0.7905694150420949,0.7905694150420949
0.6440000000000001,-0.24099999999999966,0.8,0.8
0.6940000000000008,-0.24099999999999966,0.8,0.8
0.7439999999999998,-0.24099999999999966,0.8,0.8
0.7940000000000005,-0.24099999999999966,0.7905694150420949,0.7905694150420949
0.8440000000000012,-0.24099999999999966,0.7762087348130012,0.7762087348130012
0.8940000000000001,-0.2909999999999995,0.8139410298049854,0.8139410298049854
0.9440000000000008,-0.2909999999999995,0.8062257748298549,0.8062257748298549
0.9939999999999998,-0.2909999999999995,0.8015609770940699,0.8015609770940699
1.0440000000000005,-0.2909999999999995,0.8,0.8
1.0940000000000012,-0.3410000000000002,0.8500000000000001,0.8500000000000001
1.1440000000000001,-0.3410000000000002,0.8500000000000001,0.8500000000000001
1.1940000000000008,-0.3410000000000002,0.8500000000000001,0.8500000000000001
1.2439999999999998,-0.391,0.8381527307120106,0.8381527307120106
1.2940000000000005,-0.391,0.8544003745317531,0.8544003745317531
1.3440000000000012,-0.391,0.8631338250816034,0.8631338250816034
1.3940000000000001,-0.391,0.8558621384311845,0.8558621384311845
1.4440000000000008,-0.391,0.8514693182963202,0.8514693182963202
1.4939999999999998,-0.391,0.8381527307120106,0.8381527307120106
1.5440000000000005,-0.391,0.8246211251235321,0.8246211251235321
1.5940000000000012,-0.44099999999999984,0.8631338250816034,0.8631338250816034
1.6440000000000001,-0.44099999999999984,0.8558621384311845,0.8558621384311845
1.6940000000000008,-0.44099999999999984,0.8514693182963202,0.8514693182963202
1.7439999999999998,-0.44099999999999984,0.8500000000000001,0.8500000000000001
1.7940000000000005,-0.44099999999999984,0.8500000000000001,0.8500000000000001
1.8440000000000012,-0.44099999999999984,0.8500000000000001,0.8500000000000001
1.8940000000000001,-0.44099999999999984,0.8500000000000001,0.8500000000000001
1.9440000000000008,-0.44099999999999984,0.8500000000000001,0.8500000000000001
1.9939999999999998,-0.44099999999999984,0.8500000000000001,0.8500000000000001
2.0440000000000005,-0.44099999999999984,0.8500000000000001,0.8500000000000001
2.094000000000001,-0.49099999999999966,0.9,0.9
2.144,-0.49099999999999966,0.9,0.9
2.194000000000001,-0.49099999999999966,0.9,0.9
2.2439999999999998,-0.49099999999999966,0.9,0.9
2.2940000000000005,-0.49099999999999966,0.9,0.9
2.344000000000001,-0.49099999999999966,0.9,0.9
2.394,-0.49099999999999966,0.9,0.9
2.444000000000001,-0.49099999999999966,0.9,0.9
2.4939999999999998,-0.49099999999999966,0.9,0.9
2.5440000000000005,-0.49099999999999966,0.9,0.9
2.594000000000001,-0.49099999999999966,0.9,0.9
2.644,-0.49099999999999966,0.9,0.9
2.694000000000001,-0.49099999999999966,0.9,0.9
2.7439999999999998,-0.49099999999999966,0.9,0.9
2.7940000000000005,-0.49099999999999966,0.9,0.9
2.844000000000001,-0.49099999999999966,0.9,0.9
2.894,-0.49099999999999966,0.9,0.9
2.944000000000001,-0.49099999999999966,0.9,0.9
2.9939999999999998,-0.49099999999999966,0.9,0.9
3.0440000000000005,-0.49099999999999966,0.9,0.9
3.094000000000001,-0.49099999999999966,0.9,0.9
3.144,-0.49099999999999966,0.9,0.9
3.194000000000001,-0.49099999999999966,0.9,0.9
3.2439999999999998,-0.49099999999999966,0.9,0.9
3.2940000000000005,-0.49099999999999966,0.9,0.9
3.344000000000001,-0.49099999999999966,0.9,0.9
3.394,-0.49099999999999966,0.9,0.9
3.444000000000001,-0.5409999999999995,0.9500000000000001,0.9500000000000001
3.4939999999999998,-0.5409999999999995,0.9500000000000001,0.9500000000000001
3.5440000000000005,-0.5409999999999995,0.9500000000000001,0.9500000000000001
3.594000000000001,-0.5409999999999995,0.9500000000000001,0.9500000000000001
3.644,-0.5409999999999995,0.9500000000000001,0.9500000000000001
3.694000000000001,-0.5409999999999995,0.9500000000000001,0.9500000000000001
3.7439999999999998,-0.5910000000000002,1.0,1.0
3.7940000000000005,-0.5910000000000002,1.0,1.0
3.844000000000001,-0.5910000000000002,1.0,1.0
3.894,-0.5910000000000002,1.0,1.0
3.944000000000001,-0.5910000000000002,1.0,1.0
3.9939999999999998,-0.5910000000000002,1.0,1.0
4.0440000000000005,-0.5409999999999995,0.982344135219425,0.982344135219425
4.094000000000001,-0.5409999999999995,0.9962429422585638,0.9962429422585638
4.144,-0.5409999999999995,1.0012492197250393,1.0012492197250393
4.194000000000001,-0.49099999999999966,0.95524865872714,0.95524865872714
4.244,-0.49099999999999966,0.9513148795220223,0.9513148795220223
4.2940000000000005,-0.49099999999999966,0.9500000000000001,0.9500000000000001
4.344000000000001,-0.49099999999999966,0.9500000000000001,0.9500000000000001
4.394,-0.44099999999999984,0.9,0.9
4.444000000000001,-0.44099999999999984,0.9,0.9
4.494,-0.44099999999999984,0.9013878188659974,0.9013878188659974
4.5440000000000005,-0.44099999999999984,0.9,0.9
4.594000000000001,-0.44099999999999984,0.9,0.9
4.644,-0.44099999999999984,0.9013878188659974,0.9013878188659974
4.694000000000001,-0.44099999999999984,0.9,0.9
4.744,-0.44099999999999984,0.8860022573334675,0.8860022573334675
4.7940000000000005,-0.44099999999999984,0.873212459828649,0.873212459828649
4.844000000000001,-0.44099999999999984,0.8631338250816034,0.8631338250816034
4.894,-0.44099999999999984,0.8558621384311845,0.8558621384311845
4.944000000000001,-0.44099999999999984,0.8514693182963202,0.8514693182963202
4.994,-0.44099999999999984,0.8500000000000001,0.8500000000000001
5.0440000000000005,-0.44099999999999984,0.8500000000000001,0.8500000000000001
5.094000000000001,-0.44099999999999984,0.8514693182963202,0.8514693182963202
5.144000000000002,-0.44099999999999984,0.8558621384311845,0.8558621384311845
5.193999999999999,-0.44099999999999984,0.8631338250816034,0.8631338250816034
5.244,-0.44099999999999984,0.873212459828649,0.873212459828649
5.2940000000000005,-0.391,0.8500000000000001,0.8500000000000001
5.344000000000001,-0.391,0.8500000000000001,0.8500000000000001
5.394000000000002,-0.391,0.8500000000000001,0.8500000000000001
5.443999999999999,-0.391,0.8514693182963202,0.8514693182963202
5.494,-0.391,0.8558621384311845,0.8558621384311845
5.5440000000000005,-0.391,0.8514693182963202,0.8514693182963202
5.594000000000001,-0.391,0.8500000000000001,0.8500000000000001
5.644000000000002,-0.391,0.8500000000000001,0.8500000000000001
5.693999999999999,-0.391,0.8500000000000001,0.8500000000000001
5.744,-0.391,0.8500000000000001,0.8500000000000001
5.7940000000000005,-0.391,0.8514693182963202,0.8514693182963202
5.844000000000001,-0.3410000000000002,0.8062257748298549,0.8062257748298549
5.894000000000002,-0.3410000000000002,0.8139410298049854,0.8139410298049854
5.943999999999999,-0.3410000000000002,0.8246211251235321,0.8246211251235321
5.994,-0.3410000000000002,0.8381527307120106,0.8381527307120106
6.0440000000000005,-0.3410000000000002,0.8544003745317531,0.8544003745317531
6.094000000000001,-0.3410000000000002,0.8544003745317531,0.8544003745317531
6.144000000000002,-0.3410000000000002,0.8381527307120106,0.8381527307120106
6.193999999999999,-0.2909999999999995,0.873212459828649,0.873212459828649
6.244,-0.2909999999999995,0.8544003745317531,0.8544003745317531
6.2940000000000005,-0.2909999999999995,0.8381527307120106,0.8381527307120106
6.344000000000001,-0.24099999999999966,0.873212459828649,0.873212459828649
6.394000000000002,-0.24099999999999966,0.8544003745317531,0.8544003745317531
6.443999999999999,-0.24099999999999966,0.8381527307120106,0.8381527307120106
6.494,-0.19099999999999984,0.873212459828649,0.873212459828649
6.5440000000000005,-0.19099999999999984,0.8544003745317531,0.8544003745317531
6.594000000000001,-0.14100000000000001,0.8860022573334675,0.8860022573334675
6.644000000000002,-0.14100000000000001,0.873212459828649,0.873212459828649
6.693999999999999,-0.09100000000000019,0.912414379544733,0.912414379544733
6.744,-0.09100000000000019,0.9055385138137417,0.9055385138137417
6.7940000000000005,-0.04099999999999948,0.9513148795220223,0.9513148795220223
6.844000000000001,0.009000000000000341,0.97082439194738,0.97082439194738
6.894000000000002,0.05900000000000016,0.9604686356149273,0.9604686356149273
6.943999999999999,0.10899999999999999,0.95524865872714,0.95524865872714
6.994,0.10899999999999999,0.95524865872714,0.95524865872714
7.0440000000000005,0.1589999999999998,0.9604686356149273,0.9604686356149273
7.094000000000001,0.20900000000000052,0.9604686356149273,0.9604686356149273
7.144000000000002,0.25900000000000034,0.95524865872714,0.95524865872714
7.193999999999999,0.30900000000000016,0.95524865872714,0.95524865872714
7.244,0.359,0.95524865872714,0.95524865872714
7.2940000000000005,0.4089999999999998,0.95524865872714,0.95524865872714
7.344000000000001,0.4590000000000005,0.95524865872714,0.95524865872714
7.394000000000002,0.5090000000000003,0.95524865872714,0.95524865872714
7.443999999999999,0.5590000000000002,0.95524865872714,0.95524865872714
7.494,0.609,0.9433981132056604,0.9433981132056604
7.5440000000000005,0.6589999999999998,0.9300537618869138,0.9300537618869138
7.5440000000000005,0.7090000000000005,0.9219544457292888,0.9219544457292888
7.594000000000001,0.7589999999999995,0.9300537618869138,0.9300537618869138
7.644000000000002,0.8090000000000002,0.9178779875342911,0.9178779875342911
7.644000000000002,0.8590000000000009,0.9178779875342911,0.9178779875342911
7.693999999999999,0.9089999999999998,0.9178779875342911,0.9178779875342911
7.693999999999999,0.9590000000000005,0.9013878188659974,0.9013878188659974
7.693999999999999,1.0089999999999995,0.8860022573334675,0.8860022573334675
7.744,1.0590000000000002,0.8246211251235321,0.8246211251235321
7.744,1.1090000000000009,0.8139410298049854,0.8139410298049854
7.744,1.1589999999999998,0.8062257748298549,0.8062257748298549
7.744,1.2090000000000005,0.8015609770940699,0.8015609770940699
7.744,1.2589999999999995,0.8,0.8
7.744,1.3090000000000002,0.8015609770940699,0.8015609770940699
7.7940000000000005,1.3590000000000009,0.7566372975210779,0.7566372975210779
7.7940000000000005,1.4089999999999998,0.7648529270389178,0.7648529270389178
7.7940000000000005,1.4590000000000005,0.7762087348130012,0.7762087348130012
7.7940000000000005,1.5089999999999995,0.7905694150420949,0.7905694150420949
7.7940000000000005,1.5590000000000002,0.8015609770940699,0.8015609770940699
7.7940000000000005,1.6090000000000009,0.7905694150420949,0.7905694150420949
7.7940000000000005,1.6589999999999998,0.7762087348130012,0.7762087348130012
7.7940000000000005,1.7090000000000005,0.7648529270389178,0.7648529270389178
7.7940000000000005,1.7589999999999995,0.7566372975210779,0.7566372975210779
7.7940000000000005,1.8090000000000002,0.7516648189186454,0.7516648189186454
7.7940000000000005,1.8590000000000009,0.75,0.75
7.844000000000001,1.9089999999999998,0.8,0.8
7.844000000000001,1.9590000000000005,0.8,0.8
7.844000000000001,2.0089999999999995,0.8,0.8
7.844000000000001,2.059,0.8,0.8
7.894000000000002,2.109000000000001,0.8500000000000001,0.8500000000000001
7.894000000000002,2.159,0.8500000000000001,0.8500000000000001
7.943999999999999,2.2090000000000005,0.9,0.9
7.994,2.2590000000000012,0.9500000000000001,0.9500000000000001
7.994,2.309,0.9500000000000001,0.9500000000000001
7.994,2.359000000000001,0.9500000000000001,0.9500000000000001
7.994,2.409,0.9500000000000001,0.9500000000000001
7.994,2.4590000000000005,0.9500000000000001,0.9500000000000001
7.994,2.5090000000000012,0.9500000000000001,0.9500000000000001
7.994,2.559,0.9500000000000001,0.9500000000000001
7.994,2.609000000000001,0.9500000000000001,0.9500000000000001
7.994,2.659,0.9500000000000001,0.9500000000000001
7.994,2.7090000000000005,0.9500000000000001,0.9500000000000001
7.994,2.7590000000000012,0.9500000000000001,0.9500000000000001
7.994,2.809,0.9500000000000001,0.9500000000000001
7.994,2.859000000000001,0.9500000000000001,0.9500000000000001
7.994,2.909,0.9500000000000001,0.9500000000000001
7.994,2.9590000000000005,0.9500000000000001,0.9500000000000001
7.943999999999999,3.0090000000000012,0.9500000000000001,0.9500000000000001
7.943999999999999,3.059,0.9513148795220223,0.9513148795220223
7.943999999999999,3.109000000000001,0.9500000000000001,0.9500000000000001
7.943999999999999,3.159,0.9513148795220223,0.9513148795220223
7.943999999999999,3.2090000000000005,0.9500000000000001,0.9500000000000001
7.943999999999999,3.2590000000000012,0.9500000000000001,0.9500000000000001
7.943999999999999,3.309,0.9500000000000001,0.9500000000000001
7.943999999999999,3.359000000000001,0.9500000000000001,0.9500000000000001
7.943999999999999,3.409,0.9500000000000001,0.9500000000000001
7.943999999999999,3.4590000000000005,0.9500000000000001,0.9500000000000001
7.943999999999999,3.5090000000000012,0.9500000000000001,0.9500000000000001
7.943999999999999,3.559,0.9513148795220223,0.9513148795220223
7.943999999999999,3.609000000000001,0.9500000000000001,0.9500000000000001
7.943999999999999,3.659,0.9500000000000001,0.9500000000000001
7.943999999999999,3.7090000000000005,0.9500000000000001,0.9500000000000001
7.943999999999999,3.7590000000000012,0.9500000000000001,0.9500000000000001
7.943999999999999,3.809,0.9500000000000001,0.9500000000000001
7.894000000000002,3.859000000000001,0.9219544457292888,0.9219544457292888
7.894000000000002,3.909,0.9340770846134703,0.9340770846134703
7.894000000000002,3.9590000000000005,0.9486832980505139,0.9486832980505139
7.894000000000002,4.009000000000001,0.9500000000000001,0.9500000000000001
7.894000000000002,4.059,0.9500000000000001,0.9500000000000001
7.894000000000002,4.109000000000001,0.9500000000000001,0.9500000000000001
7.894000000000002,4.159,0.9500000000000001,0.9500000000000001
7.894000000000002,4.2090000000000005,0.9500000000000001,0.9500000000000001
7.894000000000002,4.259000000000001,0.9500000000000001,0.9500000000000001
7.894000000000002,4.309,0.9500000000000001,0.9500000000000001
7.894000000000002,4.359000000000001,0.9500000000000001,0.9500000000000001
7.894000000000002,4.409,0.9500000000000001,0.9500000000000001
7.894000000000002,4.4590000000000005,0.9500000000000001,0.9500000000000001
7.894000000000002,4.509000000000001,0.9500000000000001,0.9500000000000001
7.894000000000002,4.559,0.9500000000000001,0.9500000000000001
7.894000000000002,4.609000000000001,0.9500000000000001,0.9500000000000001
7.894000000000002,4.659,0.9500000000000001,0.9500000000000001
7.894000000000002,4.7090000000000005,0.9500000000000001,0.9500000000000001
7.894000000000002,4.759000000000001,0.9500000000000001,0.9500000000000001
7.844000000000001,4.809,0.912414379544733,0.912414379544733
7.844000000000001,4.859000000000001,0.9055385138137417,0.9055385138137417
7.844000000000001,4.909,0.9013878188659974,0.9013878188659974
7.844000000000001,4.9590000000000005,0.9,0.9
7.844000000000001,5.009000000000001,0.9,0.9
7.844000000000001,5.059,0.9,0.9
7.844000000000001,5.109000000000001,0.9,0.9
7.844000000000001,5.159,0.9013878188659974,0.9013878188659974
7.844000000000001,5.2090000000000005,0.9055385138137417,0.9055385138137417
7.844000000000001,5.259000000000001,0.912414379544733,0.912414379544733
7.844000000000001,5.309,0.9219544457292888,0.9219544457292888
7.844000000000001,5.359000000000001,0.9340770846134703,0.9340770846134703
7.844000000000001,5.409,0.9486832980505139,0.9486832980505139
7.844000000000001,5.4590000000000005,0.9500000000000001,0.9500000000000001
7.844000000000001,5.509000000000001,0.9500000000000001,0.9500000000000001
7.844000000000001,5.559,0.9500000000000001,0.9500000000000001
7.844000000000001,5.609000000000001,0.9500000000000001,0.9500000000000001
7.844000000000001,5.659,0.9500000000000001,0.9500000000000001
7.844000000000001,5.7090000000000005,0.9500000000000001,0.9500000000000001
7.844000000000001,5.759000000000001,0.9500000000000001,0.9500000000000001
7.844000000000001,5.809,0.9500000000000001,0.9500000000000001
7.7940000000000005,5.859000000000001,0.9,0.9
7.7940000000000005,5.909,0.9013878188659974,0.9013878188659974
7.7940000000000005,5.9590000000000005,0.9055385138137417,0.9055385138137417
7.7940000000000005,6.009000000000001,0.912414379544733,0.912414379544733
7.7940000000000005,6.059,0.9219544457292888,0.9219544457292888
7.7940000000000005,6.109000000000001,0.9340770846134703,0.9340770846134703
7.7940000000000005,6.159,0.9486832980505139,0.9486832980505139
7.7940000000000005,6.2090000000000005,0.9500000000000001,0.9500000000000001
7.7940000000000005,6.259000000000001,0.9500000000000001,0.9500000000000001
7.7940000000000005,6.309,0.9500000000000001,0.9500000000000001
7.7940000000000005,6.359000000000001,0.9500000000000001,0.9500000000000001
7.7940000000000005,6.409,0.9500000000000001,0.9500000000000001
7.7940000000000005,6.4590000000000005,0.9500000000000001,0.9500000000000001
7.7940000000000005,6.509000000000001,0.9500000000000001,0.9500000000000001
7.7940000000000005,6.559,0.9500000000000001,0.9500000000000001
7.744,6.609000000000001,0.9,0.9
7.744,6.659,0.9013878188659974,0.9013878188659974
7.744,6.7090000000000005,0.9055385138137417,0.9055385138137417
7.744,6.759000000000001,0.912414379544733,0.912414379544733
7.744,6.809,0.9219544457292888,0.9219544457292888
7.744,6.859000000000001,0.9340770846134703,0.9340770846134703
7.744,6.909,0.9486832980505139,0.9486832980505139
7.744,6.9590000000000005,0.9500000000000001,0.9500000000000001
7.744,7.009000000000001,0.9500000000000001,0.9500000000000001
7.744,7.059,0.9500000000000001,0.9500000000000001
7.744,7.109000000000001,0.9500000000000001,0.9500000000000001
7.744,7.159,0.9500000000000001,0.9500000000000001
7.744,7.2090000000000005,0.9500000000000001,0.9500000000000001
7.744,7.259000000000001,0.9500000000000001,0.9500000000000001
7.744,7.309,0.9500000000000001,0.9500000000000001
7.744,7.359000000000001,0.9500000000000001,0.9500000000000001
7.744,7.409,0.9500000000000001,0.9500000000000001
7.744,7.4590000000000005,0.9513148795220223,0.9513148795220223
7.744,7.509000000000001,0.9500000000000001,0.9500000000000001
7.744,7.559,0.9500000000000001,0.9500000000000001
7.693999999999999,7.609000000000001,0.9340770846134703,0.9340770846134703
7.693999999999999,7.659,0.9486832980505139,0.9486832980505139
7.693999999999999,7.7090000000000005,0.9500000000000001,0.9500000000000001
7.693999999999999,7.759000000000001,0.9500000000000001,0.9500000000000001
7.693999999999999,7.809,0.9500000000000001,0.9500000000000001
7.693999999999999,7.859000000000001,0.9500000000000001,0.9500000000000001
7.693999999999999,7.909,0.9500000000000001,0.9500000000000001
7.693999999999999,7.9590000000000005,0.9500000000000001,0.9500000000000001
7.693999999999999,8.009,0.9500000000000001,0.9500000000000001
7.693999999999999,8.059000000000001,0.9500000000000001,0.9500000000000001
7.644000000000002,8.109000000000002,0.9,0.9
7.644000000000002,8.158999999999999,0.9,0.9
7.644000000000002,8.209,0.9,0.9
7.644000000000002,8.259,0.9,0.9
7.644000000000002,8.309000000000001,0.9,0.9
7.644000000000002,8.359000000000002,0.9,0.9
7.644000000000002,8.408999999999999,0.9,0.9
7.644000000000002,8.459,0.9,0.9
7.644000000000002,8.509,0.9,0.9
7.644000000000002,8.559000000000001,0.9,0.9
7.644000000000002,8.609000000000002,0.9,0.9
7.644000000000002,8.658999999999999,0.9013878188659974,0.9013878188659974
7.644000000000002,8.709,0.9,0.9
7.644000000000002,8.759,0.9013878188659974,0.9013878188659974
7.644000000000002,8.809000000000001,0.9055385138137417,0.9055385138137417
7.644000000000002,8.858999999999998,0.912414379544733,0.912414379544733
7.644000000000002,8.908999999999999,0.9219544457292888,0.9219544457292888
7.644000000000002,8.959,0.9340770846134703,0.9340770846134703
7.644000000000002,9.009,0.9486832980505139,0.9486832980505139
7.644000000000002,9.059000000000001,0.9500000000000001,0.9500000000000001
7.644000000000002,9.108999999999998,0.9500000000000001,0.9500000000000001
7.644000000000002,9.158999999999999,0.9500000000000001,0.9500000000000001
7.644000000000002,9.209,0.9500000000000001,0.9500000000000001
7.644000000000002,9.259,0.9500000000000001,0.9500000000000001
7.644000000000002,9.309000000000001,0.9500000000000001,0.9500000000000001
7.644000000000002,9.358999999999998,0.9486832980505139,0.9486832980505139
7.594000000000001,9.408999999999999,0.9,0.9
7.594000000000001,9.459,0.9,0.9
7.594000000000001,9.509,0.9,0.9
7.594000000000001,9.559000000000001,0.9,0.9
7.594000000000001,9.608999999999998,0.9,0.9
7.5440000000000005,9.658999999999999,0.8500000000000001,0.8500000000000001
7.5440000000000005,9.709,0.8500000000000001,0.8500000000000001
7.5440000000000005,9.759,0.8514693182963202,0.8514693182963202
7.5440000000000005,9.809000000000001,0.8558621384311845,0.8558621384311845
7.5440000000000005,9.858999999999998,0.8631338250816034,0.8631338250816034
7.5440000000000005,9.908999999999999,0.8631338250816034,0.8631338250816034
7.5440000000000005,9.959,0.8558621384311845,0.8558621384311845
7.5440000000000005,10.009,0.8514693182963202,0.8514693182963202
7.5440000000000005,10.059000000000001,0.8500000000000001,0.8500000000000001
7.5440000000000005,10.108999999999998,0.8500000000000001,0.8500000000000001
7.5440000000000005,10.158999999999999,0.8514693182963202,0.8514693182963202
7.5440000000000005,10.209,0.8558621384311845,0.8558621384311845
7.5440000000000005,10.259,0.8631338250816034,0.8631338250816034
7.5440000000000005,10.309000000000001,0.8558621384311845,0.8558621384311845
7.5440000000000005,10.358999999999998,0.8514693182963202,0.8514693182963202
7.5440000000000005,10.408999999999999,0.8500000000000001,0.8500000000000001
7.5440000000000005,10.459,0.8500000000000001,0.8500000000000001
7.5440000000000005,10.509,0.8500000000000001,0.8500000000000001
7.5440000000000005,10.559000000000001,0.8500000000000001,0.8500000000000001
7.5440000000000005,10.608999999999998,0.8500000000000001,0.8500000000000001
7.5440000000000005,10.658999999999999,0.8500000000000001,0.8500000000000001
7.5440000000000005,10.709,0.8500000000000001,0.8500000000000001
7.494,10.759,0.9,0.9
7.494,10.809000000000001,0.9,0.9
7.494,10.858999999999998,0.9,0.9
7.494,10.908999999999999,0.9,0.9
7.494,10.959,0.9,0.9
7.443999999999999,11.009,0.9500000000000001,0.9500000000000001
7.443999999999999,11.059000000000001,0.9500000000000001,0.9500000000000001
7.443999999999999,11.108999999999998,0.9500000000000001,0.9500000000000001
7.443999999999999,11.158999999999999,0.9500000000000001,0.9500000000000001
7.443999999999999,11.209,0.9500000000000001,0.9500000000000001
7.443999999999999,11.259,0.9500000000000001,0.9500000000000001
7.443999999999999,11.309000000000001,0.9500000000000001,0.9500000000000001
7.394000000000002,11.358999999999998,1.0,1.0
7.344000000000001,11.408999999999999,1.051189802081432,1.051189802081432
7.344000000000001,11.459,1.0547511554864495,1.0547511554864495
7.344000000000001,11.509,1.0606601717798214,1.0606601717798214
7.2940000000000005,11.559000000000001,1.118033988749895,1.118033988749895
7.244,11.608999999999998,1.176860229593982,1.176860229593982
7.193999999999999,11.658999999999999,1.2175795661885922,1.2175795661885922
7.144000000000002,11.709,1.2379418403139948,1.2379418403139948
7.144000000000002,11.759,1.2206555615733703,1.2206555615733703
7.094000000000001,11.809000000000001,1.2349089035228469,1.2349089035228469
7.0440000000000005,11.859000000000002,1.252996408614167,1.252996408614167
6.994,11.908999999999999,1.2747548783981963,1.2747548783981963
6.943999999999999,11.959,1.2903487900563941,1.2903487900563941
6.894000000000002,12.009,1.30384048104053,1.30384048104053
6.844000000000001,12.009,1.2971121771072847,1.2971121771072847
6.7940000000000005,12.059000000000001,1.3200378782444087,1.3200378782444087
6.744,12.059000000000001,1.2971121771072847,1.2971121771072847
6.693999999999999,12.109000000000002,1.3200378782444087,1.3200378782444087
6.644000000000002,12.109000000000002,1.2971121771072847,1.2971121771072847
6.594000000000001,12.109000000000002,1.2747548783981963,1.2747548783981963
6.5440000000000005,12.158999999999999,1.3,1.3
6.494,12.158999999999999,1.2816005617976298,1.2816005617976298
6.443999999999999,12.158999999999999,1.264911064067352,1.264911064067352
6.394000000000002,12.158999999999999,1.25,1.25
6.344000000000001,12.158999999999999,1.2369316876852983,1.2369316876852983
6.2940000000000005,12.209,1.2747548783981963,1.2747548783981963
6.244,12.209,1.2658988901172163,1.2658988901172163
6.193999999999999,12.209,1.2589678312014172,1.2589678312014172
6.144000000000002,12.209,1.2539936203984454,1.2539936203984454
6.094000000000001,12.259,1.3009611831257688,1.3009611831257688
6.0440000000000005,12.259,1.3,1.3
5.994,12.259,1.3,1.3
5.943999999999999,12.259,1.3,1.3
5.894000000000002,12.309000000000001,1.35,1.35
5.844000000000001,12.309000000000001,1.35,1.35
5.7940000000000005,12.259,1.3,1.3
5.744,12.259,1.3,1.3
5.693999999999999,12.259,1.3009611831257688,1.3009611831257688
5.644000000000002,12.259,1.30384048104053,1.30384048104053
5.594000000000001,12.259,1.3086252328302401,1.3086252328302401
5.5440000000000005,12.259,1.3152946437965907,1.3152946437965907
5.494,12.209,1.2747548783981963,1.2747548783981963
5.443999999999999,12.209,1.2854960132182442,1.2854960132182442
5.394000000000002,12.209,1.2980754985747172,1.2980754985747172
5.344000000000001,12.158999999999999,1.264911064067352,1.264911064067352
5.2940000000000005,12.158999999999999,1.2816005617976298,1.2816005617976298
5.244,12.158999999999999,1.3,1.3
5.193999999999999,12.109000000000002,1.2747548783981963,1.2747548783981963
5.144000000000002,12.109000000000002,1.2971121771072847,1.2971121771072847
5.094000000000001,12.109000000000002,1.3200378782444087,1.3200378782444087
5.0440000000000005,12.059000000000001,1.2971121771072847,1.2971121771072847
4.994,12.059000000000001,1.3209844813622906,1.3209844813622906
4.944000000000001,12.059000000000001,1.3462912017836262,1.3462912017836262
4.894,12.009,1.3313526955694348,1.3313526955694348
4.844000000000001,11.959,1.3200378782444087,1.3200378782444087
4.7940000000000005,11.908999999999999,1.30384048104053,1.30384048104053
4.744,11.859000000000002,1.2816005617976298,1.2816005617976298
4.694000000000001,11.809000000000001,1.2539936203984454,1.2539936203984454
4.644,11.759,1.2298373876248845,1.2298373876248845
4.594000000000001,11.709,1.2083045973594573,1.2083045973594573
4.5440000000000005,11.658999999999999,1.1853269591129698,1.1853269591129698
4.5440000000000005,11.608999999999998,1.2083045973594573,1.2083045973594573
4.494,11.559000000000001,1.1853269591129698,1.1853269591129698
4.494,11.509,1.2093386622447824,1.2093386622447824
4.444000000000001,11.459,1.1672617529928753,1.1672617529928753
4.444000000000001,11.408999999999999,1.1597413504743201,1.1597413504743201
4.394,11.358999999999998,1.104536101718726,1.104536101718726
4.344000000000001,11.309000000000001,1.051189802081432,1.051189802081432
4.344000000000001,11.259,1.05,1.05
4.2940000000000005,11.209,1.0,1.0
4.2940000000000005,11.158999999999999,0.9962429422585638,0.9962429422585638
4.2940000000000005,11.108999999999998,0.982344135219425,0.982344135219425
4.2940000000000005,11.059000000000001,0.97082439194738,0.97082439194738
4.2940000000000005,11.009,0.9617692030835672,0.9617692030835672
4.2940000000000005,10.959,0.95524865872714,0.95524865872714
4.2940000000000005,10.908999999999999,0.9513148795220223,0.9513148795220223
4.2940000000000005,10.858999999999998,0.9500000000000001,0.9500000000000001
4.2940000000000005,10.809000000000001,0.9500000000000001,0.9500000000000001
4.2940000000000005,10.759,0.9500000000000001,0.9500000000000001
4.2940000000000005,10.709,0.9500000000000001,0.9500000000000001
4.2940000000000005,10.658999999999999,0.9500000000000001,0.9500000000000001
4.2940000000000005,10.608999999999998,0.9500000000000001,0.9500000000000001
4.2940000000000005,10.559000000000001,0.9500000000000001,0.9500000000000001
4.2940000000000005,10.509,0.9500000000000001,0.9500000000000001
4.344000000000001,10.459,0.912414379544733,0.912414379544733
4.344000000000001,10.408999999999999,0.9055385138137417,0.9055385138137417
4.344000000000001,10.358999999999998,0.9013878188659974,0.9013878188659974
4.344000000000001,10.309000000000001,0.9,0.9
4.344000000000001,10.259,0.9,0.9
4.344000000000001,10.209,0.9,0.9
4.344000000000001,10.158999999999999,0.9,0.9
4.344000000000001,10.108999999999998,0.9,0.9
4.344000000000001,10.059000000000001,0.9,0.9
4.344000000000001,10.009,0.9,0.9
4.344000000000001,9.959,0.9,0.9
4.344000000000001,9.908999999999999,0.9,0.9
4.344000000000001,9.858999999999998,0.9,0.9
4.344000000000001,9.809000000000001,0.9,0.9
4.344000000000001,9.759,0.9,0.9
4.344000000000001,9.709,0.9,0.9
4.344000000000001,9.658999999999999,0.9,0.9
4.344000000000001,9.608999999999998,0.9,0.9
4.344000000000001,9.559000000000001,0.9,0.9
4.344000000000001,9.509,0.9,0.9
4.344000000000001,9.459,0.9,0.9
4.344000000000001,9.408999999999999,0.9,0.9
4.344000000000001,9.358999999999998,0.9,0.9
4.344000000000001,9.309000000000001,0.9,0.9
4.344000000000001,9.259,0.8860022573334675,0.8860022573334675
4.344000000000001,9.209,0.873212459828649,0.873212459828649
4.344000000000001,9.158999999999999,0.8631338250816034,0.8631338250816034
4.344000000000001,9.108999999999998,0.8558621384311845,0.8558621384311845
4.344000000000001,9.059000000000001,0.8514693182963202,0.8514693182963202
4.394,9.009,0.8558621384311845,0.8558621384311845
4.394,8.959,0.8631338250816034,0.8631338250816034
4.394,8.908999999999999,0.873212459828649,0.873212459828649
4.394,8.858999999999998,0.8860022573334675,0.8860022573334675
4.394,8.809000000000001,0.9,0.9
4.394,8.759,0.9,0.9
4.394,8.709,0.9,0.9
4.394,8.658999999999999,0.8860022573334675,0.8860022573334675
4.394,8.609000000000002,0.873212459828649,0.873212459828649
4.394,8.559000000000001,0.8631338250816034,0.8631338250816034
4.394,8.509,0.8558621384311845,0.8558621384311845
4.394,8.459,0.8514693182963202,0.8514693182963202
4.394,8.408999999999999,0.8500000000000001,0.8500000000000001
4.394,8.359000000000002,0.8500000000000001,0.8500000000000001
4.394,8.309000000000001,0.8500000000000001,0.8500000000000001
4.394,8.259,0.8500000000000001,0.8500000000000001
4.394,8.209,0.8500000000000001,0.8500000000000001
4.394,8.158999999999999,0.8500000000000001,0.8500000000000001
4.394,8.109000000000002,0.8500000000000001,0.8500000000000001
4.394,8.059000000000001,0.8500000000000001,0.8500000000000001
4.394,8.009,0.8500000000000001,0.8500000000000001
4.394,7.9590000000000005,0.8500000000000001,0.8500000000000001
4.394,7.909,0.8500000000000001,0.8500000000000001
4.394,7.859000000000001,0.8500000000000001,0.8500000000000001
4.394,7.809,0.8500000000000001,0.8500000000000001
4.394,7.759000000000001,0.8500000000000001,0.8500000000000001
4.394,7.7090000000000005,0.8500000000000001,0.8500000000000001
4.394,7.659,0.8500000000000001,0.8500000000000001
4.394,7.609000000000001,0.8500000000000001,0.8500000000000001
4.394,7.559,0.8500000000000001,0.8500000000000001
4.394,7.509000000000001,0.8500000000000001,0.8500000000000001
4.394,7.4590000000000005,0.8500000000000001,0.8500000000000001
4.394,7.409,0.8500000000000001,0.8500000000000001
4.394,7.359000000000001,0.8500000000000001,0.8500000000000001
4.394,7.309,0.8500000000000001,0.8500000000000001
4.394,7.259000000000001,0.8500000000000001,0.8500000000000001
4.394,7.2090000000000005,0.8500000000000001,0.8500000000000001
4.394,7.159,0.8500000000000001,0.8500000000000001
4.394,7.109000000000001,0.8500000000000001,0.8500000000000001
4.394,7.059,0.8500000000000001,0.8500000000000001
4.394,7.009000000000001,0.8500000000000001,0.8500000000000001
4.394,6.9590000000000005,0.8500000000000001,0.8500000000000001
4.444000000000001,6.909,0.9,0.9
4.444000000000001,6.859000000000001,0.9,0.9
4.444000000000001,6.809,0.9,0.9
4.444000000000001,6.759000000000001,0.9,0.9
4.444000000000001,6.7090000000000005,0.9,0.9
4.444000000000001,6.659,0.9,0.9
4.444000000000001,6.609000000000001,0.9,0.9
4.444000000000001,6.559,0.9,0.9
4.444000000000001,6.509000000000001,0.9,0.9
4.444000000000001,6.4590000000000005,0.9,0.9
4.394,6.409,0.8500000000000001,0.8500000000000001
4.394,6.359000000000001,0.8500000000000001,0.8500000000000001
4.394,6.309,0.8500000000000001,0.8500000000000001
4.394,6.259000000000001,0.8500000000000001,0.8500000000000001
4.394,6.2090000000000005,0.8500000000000001,0.8500000000000001
4.394,6.159,0.8500000000000001,0.8500000000000001
4.394,6.109000000000001,0.8500000000000001,0.8500000000000001
4.394,6.059,0.8500000000000001,0.8500000000000001
4.394,6.009000000000001,0.8500000000000001,0.8500000000000001
4.394,5.9590000000000005,0.8514693182963202,0.8514693182963202
4.394,5.909,0.8558621384311845,0.8558621384311845
4.394,5.859000000000001,0.8631338250816034,0.8631338250816034
4.394,5.809,0.873212459828649,0.873212459828649
4.394,5.759000000000001,0.8860022573334675,0.8860022573334675
4.394,5.7090000000000005,0.9013878188659974,0.9013878188659974
4.394,5.659,0.912414379544733,0.912414379544733
4.394,5.609000000000001,0.9219544457292888,0.9219544457292888
4.394,5.559,0.9340770846134703,0.9340770846134703
4.394,5.509000000000001,0.9486832980505139,0.9486832980505139
4.394,5.4590000000000005,0.9500000000000001,0.9500000000000001
4.394,5.409,0.9500000000000001,0.9500000000000001
4.394,5.359000000000001,0.9500000000000001,0.9500000000000001
4.394,5.309,0.9500000000000001,0.9500000000000001
4.394,5.259000000000001,0.9500000000000001,0.9500000000000001
4.344000000000001,5.2090000000000005,1.0,1.0
4.344000000000001,5.159,1.0,1.0
4.344000000000001,5.109000000000001,1.0,1.0
4.344000000000001,5.059,1.0,1.0
4.2940000000000005,5.009000000000001,0.9500000000000001,0.9500000000000001
4.2940000000000005,4.9590000000000005,0.9500000000000001,0.9500000000000001
4.2940000000000005,4.909,0.9500000000000001,0.9500000000000001
4.2940000000000005,4.859000000000001,0.9500000000000001,0.9500000000000001
4.2940000000000005,4.809,0.9500000000000001,0.9500000000000001
4.2940000000000005,4.759000000000001,0.9500000000000001,0.9500000000000001
4.2940000000000005,4.7090000000000005,0.9513148795220223,0.9513148795220223
4.2940000000000005,4.659,0.95524865872714,0.95524865872714
4.2940000000000005,4.609000000000001,0.9617692030835672,0.9617692030835672
4.2940000000000005,4.559,0.97082439194738,0.97082439194738
4.2940000000000005,4.509000000000001,0.982344135219425,0.982344135219425
4.2940000000000005,4.4590000000000005,0.9962429422585638,0.9962429422585638
4.2940000000000005,4.409,1.0124228365658294,1.0124228365658294
4.2940000000000005,4.359000000000001,1.0307764064044151,1.0307764064044151
4.2940000000000005,4.309,1.044030650891055,1.044030650891055
4.2940000000000005,4.259000000000001,1.05,1.05
4.2940000000000005,4.2090000000000005,1.05,1.05
4.2940000000000005,4.159,1.05,1.05
4.2940000000000005,4.109000000000001,1.05,1.05
4.2940000000000005,4.059,1.05,1.05
4.2940000000000005,4.009000000000001,1.05,1.05
4.2940000000000005,3.9590000000000005,1.05,1.05
4.2940000000000005,3.909,1.051189802081432,1.051189802081432
4.2940000000000005,3.859000000000001,1.0547511554864495,1.0547511554864495
4.2940000000000005,3.809,1.0606601717798214,1.0606601717798214
4.2940000000000005,3.7590000000000012,1.0688779163215976,1.0688779163215976
4.244,3.7090000000000005,1.1280514172678477,1.1280514172678477
4.244,3.659,1.140175425099138,1.140175425099138
4.244,3.609000000000001,1.1500000000000001,1.1500000000000001
4.244,3.559,1.1500000000000001,1.1500000000000001
4.194000000000001,3.5090000000000012,1.2010412149464313,1.2010412149464313
4.194000000000001,3.4590000000000005,1.2041594578792296,1.2041594578792296
4.194000000000001,3.409,1.2093386622447824,1.2093386622447824
4.144,3.359000000000001,1.2658988901172163,1.2658988901172163
4.094000000000001,3.309,1.3238202294873727,1.3238202294873727
4.094000000000001,3.2590000000000012,1.30384048104053,1.30384048104053
4.0440000000000005,3.2090000000000005,1.2589678312014172,1.2589678312014172
3.9939999999999998,3.2090000000000005,1.2658988901172163,1.2658988901172163
3.944000000000001,3.159,1.2257650672131264,1.2257650672131264
3.894,3.109000000000001,1.1884864324004714,1.1884864324004714
3.844000000000001,3.109000000000001,1.2020815280171309,1.2020815280171309
3.7940000000000005,3.059,1.1704699910719627,1.1704699910719627
3.7439999999999998,3.059,1.1884864324004714,1.1884864324004714
3.694000000000001,3.059,1.2000000000000002,1.2000000000000002
3.644,3.0090000000000012,1.1510864433221337,1.1510864433221337
3.594000000000001,3.0090000000000012,1.1543396380615196,1.1543396380615196
3.5440000000000005,3.0090000000000012,1.1597413504743201,1.1597413504743201
3.4939999999999998,3.0090000000000012,1.1672617529928753,1.1672617529928753
3.444000000000001,3.0090000000000012,1.176860229593982,1.176860229593982
3.394,2.9590000000000005,1.140175425099138,1.140175425099138
3.344000000000001,2.9590000000000005,1.1500000000000001,1.1500000000000001
3.2940000000000005,2.9590000000000005,1.1500000000000001,1.1500000000000001
3.2439999999999998,2.909,1.1,1.1
3.194000000000001,2.909,1.101135777277262,1.101135777277262
3.144,2.909,1.104536101718726,1.104536101718726
3.094000000000001,2.909,1.110180165558726,1.110180165558726
3.0440000000000005,2.909,1.118033988749895,1.118033988749895
2.9939999999999998,2.909,1.1280514172678477,1.1280514172678477
2.944000000000001,2.909,1.140175425099138,1.140175425099138
2.894,2.909,1.140175425099138,1.140175425099138
2.844000000000001,2.909,1.1280514172678477,1.1280514172678477
2.7940000000000005,2.909,1.118033988749895,1.118033988749895
2.7439999999999998,2.909,1.110180165558726,1.110180165558726
2.694000000000001,2.909,1.104536101718726,1.104536101718726
2.644,2.909,1.101135777277262,1.101135777277262
2.594000000000001,2.909,1.1,1.1
2.5440000000000005,2.909,1.1,1.1
2.4939999999999998,2.909,1.1,1.1
2.444000000000001,2.909,1.1,1.1
2.394,2.909,1.1,1.1
2.344000000000001,2.9590000000000005,1.05,1.05
2.2940000000000005,2.9590000000000005,1.05,1.05
2.2439999999999998,2.9590000000000005,1.05,1.05
2.194000000000001,2.9590000000000005,1.05,1.05
2.144,2.9590000000000005,1.05,1.05
2.094000000000001,2.9590000000000005,1.051189802081432,1.051189802081432
2.0440000000000005,2.9590000000000005,1.0547511554864495,1.0547511554864495
1.9939999999999998,2.9590000000000005,1.0606601717798214,1.0606601717798214
1.9440000000000008,3.0090000000000012,1.019803902718557,1.019803902718557
1.8940000000000001,3.0090000000000012,1.0307764064044151,1.0307764064044151
1.8440000000000012,3.0090000000000012,1.044030650891055,1.044030650891055
1.7940000000000005,3.0090000000000012,1.0594810050208545,1.0594810050208545
1.7439999999999998,3.0090000000000012,1.0770329614269007,1.0770329614269007
1.6940000000000008,3.0090000000000012,1.0920164833920778,1.0920164833920778
1.6440000000000001,3.0090000000000012,1.0793516572461452,1.0793516572461452
1.5940000000000012,3.0090000000000012,1.0688779163215976,1.0688779163215976
1.5440000000000005,3.059,1.0920164833920778,1.0920164833920778
1.4939999999999998,3.059,1.0920164833920778,1.0920164833920778
1.4440000000000008,3.059,1.0770329614269007,1.0770329614269007
1.3940000000000001,3.059,1.0594810050208545,1.0594810050208545
1.3440000000000012,3.109000000000001,1.0920164833920778,1.0920164833920778
1.2940000000000005,3.109000000000001,1.0793516572461452,1.0793516572461452
1.2439999999999998,3.109000000000001,1.0688779163215976,1.0688779163215976
1.1940000000000008,3.159,1.1067971810589328,1.1067971810589328
1.1440000000000001,3.159,1.0920164833920778,1.0920164833920778
1.0940000000000012,3.2090000000000005,1.1280514172678477,1.1280514172678477
1.0440000000000005,3.2090000000000005,1.118033988749895,1.118033988749895
0.9939999999999998,3.2590000000000012,1.1543396380615196,1.1543396380615196
0.9440000000000008,3.2590000000000012,1.140175425099138,1.140175425099138
0.8940000000000001,3.309,1.1629703349613008,1.1629703349613008
0.8440000000000012,3.309,1.1412712210513327,1.1412712210513327
0.7940000000000005,3.359000000000001,1.1629703349613008,1.1629703349613008
0.7439999999999998,3.409,1.1853269591129698,1.1853269591129698
0.6940000000000008,3.409,1.1629703349613008,1.1629703349613008
0.6440000000000001,3.4590000000000005,1.1884864324004714,1.1884864324004714
0.5940000000000012,3.5090000000000012,1.2175795661885922,1.2175795661885922
0.5440000000000005,3.559,1.25,1.25
0.4939999999999998,3.609000000000001,1.2747548783981963,1.2747548783981963
0.44400000000000084,3.659,1.2971121771072847,1.2971121771072847
0.39400000000000013,3.7090000000000005,1.3200378782444087,1.3200378782444087
0.3440000000000012,3.7590000000000012,1.3313526955694348,1.3313526955694348
0.2940000000000005,3.809,1.3462912017836262,1.3462912017836262
0.2940000000000005,3.859000000000001,1.3209844813622906,1.3209844813622906
0.24399999999999977,3.909,1.341640786499874,1.341640786499874
0.24399999999999977,3.9590000000000005,1.3200378782444087,1.3200378782444087
0.19400000000000084,4.009000000000001,1.3462912017836262,1.3462912017836262
0.14400000000000013,4.059,1.3756816492197605,1.3756816492197605
0.14400000000000013,4.109000000000001,1.3601470508735445,1.3601470508735445
0.14400000000000013,4.159,1.3462912017836262,1.3462912017836262
0.14400000000000013,4.2090000000000005,1.3285330255586425,1.3285330255586425
0.0940000000000012,4.259000000000001,1.3601470508735445,1.3601470508735445
0.0940000000000012,4.309,1.3462912017836262,1.3462912017836262
0.0940000000000012,4.359000000000001,1.3341664064126335,1.3341664064126335
0.0940000000000012,4.409,1.3238202294873727,1.3238202294873727
0.04400000000000048,4.4590000000000005,1.3647344063956182,1.3647344063956182
0.04400000000000048,4.509000000000001,1.3583077707206126,1.3583077707206126
0.04400000000000048,4.559,1.3462912017836262,1.3462912017836262
0.04400000000000048,4.609000000000001,1.3341664064126335,1.3341664064126335
0.04400000000000048,4.659,1.3238202294873727,1.3238202294873727
0.04400000000000048,4.7090000000000005,1.3152946437965907,1.3152946437965907
-0.006000000000000227,4.759000000000001,1.3583077707206126,1.3583077707206126
-0.006000000000000227,4.809,1.3536986370680886,1.3536986370680886
-0.006000000000000227,4.859000000000001,1.3509256086106296,1.3509256086106296
-0.006000000000000227,4.909,1.35,1.35
-0.006000000000000227,4.9590000000000005,1.35,1.35
-0.006000000000000227,5.009000000000001,1.35,1.35
-0.006000000000000227,5.059,1.35,1.35
-0.006000000000000227,5.109000000000001,1.35,1.35
-0.05599999999999916,5.159,1.4008925726121901,1.4008925726121901
-0.05599999999999916,5.2090000000000005,1.40356688476182,1.40356688476182
-0.05599999999999916,5.259000000000001,1.4080127840328724,1.4080127840328724
-0.05599999999999916,5.309,1.4142135623730951,1.4142135623730951
-0.05599999999999916,5.359000000000001,1.4221462653327892,1.4221462653327892
-0.05599999999999916,5.409,1.4317821063276355,1.4317821063276355
-0.05599999999999916,5.4590000000000005,1.4430869689661812,1.4430869689661812
-0.05599999999999916,5.509000000000001,1.4500000000000002,1.4500000000000002
-0.05599999999999916,5.559,1.4500000000000002,1.4500000000000002
-0.05599999999999916,5.609000000000001,1.4500000000000002,1.4500000000000002
-0.05599999999999916,5.659,1.4500000000000002,1.4500000000000002
-0.05599999999999916,5.7090000000000005,1.4500000000000002,1.4500000000000002
-0.05599999999999916,5.759000000000001,1.4500000000000002,1.4500000000000002
-0.10599999999999987,5.809,1.4000000000000001,1.4000000000000001
-0.05599999999999916,5.859000000000001,1.4500000000000002,1.4500000000000002
-0.05599999999999916,5.909,1.4500000000000002,1.4500000000000002
-0.05599999999999916,5.9590000000000005,1.4500000000000002,1.4500000000000002
-0.05599999999999916,6.009000000000001,1.4500000000000002,1.4500000000000002
-0.05599999999999916,6.059,1.4500000000000002,1.4500000000000002
-0.05599999999999916,6.109000000000001,1.4500000000000002,1.4500000000000002
-0.006000000000000227,6.159,1.5,1.5
-0.006000000000000227,6.2090000000000005,1.5008331019803636,1.5008331019803636
0.04400000000000048,6.259000000000001,1.5532224567009068,1.5532224567009068
0.04400000000000048,6.309,1.5572411502397436,1.5572411502397436
0.04400000000000048,6.359000000000001,1.5628499608087785,1.5628499608087785
0.0940000000000012,6.409,1.6194134740701647,1.6194134740701647
0.0940000000000012,6.4590000000000005,1.6278820596099708,1.6278820596099708
0.14400000000000013,6.509000000000001,1.6446884203398526,1.6446884203398526
0.14400000000000013,6.559,1.6552945357246849,1.6552945357246849
0.19400000000000084,6.609000000000001,1.6347782724271818,1.6347782724271818
0.19400000000000084,6.659,1.6552945357246849,1.6552945357246849
0.24399999999999977,6.7090000000000005,1.632482771731451,1.632482771731451
0.24399999999999977,6.759000000000001,1.6552945357246849,1.6552945357246849
0.2940000000000005,6.809,1.632482771731451,1.632482771731451
0.2940000000000005,6.859000000000001,1.6552945357246849,1.6552945357246849
0.3440000000000012,6.909,1.63783393541592,1.63783393541592
0.39400000000000013,6.9590000000000005,1.6224980739587953,1.6224980739587953
0.39400000000000013,7.009000000000001,1.6507574019219178,1.6507574019219178
0.44400000000000084,7.059,1.6401219466856727,1.6401219466856727
0.4939999999999998,7.109000000000001,1.632482771731451,1.632482771731451
0.5440000000000005,7.159,1.6124515496597098,1.6124515496597098
0.5940000000000012,7.2090000000000005,1.5953056133543817,1.5953056133543817
0.5940000000000012,7.259000000000001,1.6101242188104619,1.6101242188104619
0.6440000000000001,7.309,1.6007810593582121,1.6007810593582121
0.6940000000000008,7.359000000000001,1.588238017426859,1.588238017426859
0.7439999999999998,7.409,1.5692354826475217,1.5692354826475217
0.7940000000000005,7.4590000000000005,1.5532224567009068,1.5532224567009068
0.8440000000000012,7.509000000000001,1.5402921800749363,1.5402921800749363
0.8440000000000012,7.559,1.5556349186104046,1.5556349186104046
0.8940000000000001,7.609000000000001,1.5532224567009068,1.5532224567009068
0.9440000000000008,7.659,1.5402921800749363,1.5402921800749363
0.9939999999999998,7.7090000000000005,1.520690632574555,1.520690632574555
0.9939999999999998,7.759000000000001,1.5305227865013968,1.5305227865013968
1.0440000000000005,7.809,1.520690632574555,1.520690632574555
1.0940000000000012,7.859000000000001,1.4983324063771697,1.4983324063771697
1.0940000000000012,7.909,1.520690632574555,1.520690632574555
1.1440000000000001,7.9590000000000005,1.4983324063771697,1.4983324063771697
1.1940000000000008,8.009,1.47648230602334,1.47648230602334
1.1940000000000008,8.059000000000001,1.4866068747318506,1.4866068747318506
1.2439999999999998,8.109000000000002,1.4705441169852742,1.4705441169852742
1.2940000000000005,8.158999999999999,1.4317821063276355,1.4317821063276355
1.2940000000000005,8.209,1.4430869689661812,1.4430869689661812
1.3440000000000012,8.259,1.4080127840328724,1.4080127840328724
1.3440000000000012,8.309000000000001,1.4221462653327892,1.4221462653327892
1.3940000000000001,8.359000000000002,1.3829316685939332,1.3829316685939332
1.3940000000000001,8.408999999999999,1.3946325680981353,1.3946325680981353
1.4440000000000008,8.459,1.3509256086106296,1.3509256086106296
1.4440000000000008,8.509,1.3536986370680886,1.3536986370680886
1.4440000000000008,8.559000000000001,1.3583077707206126,1.3583077707206126
1.4939999999999998,8.609000000000002,1.3152946437965907,1.3152946437965907
1.4939999999999998,8.658999999999999,1.3238202294873727,1.3238202294873727
1.4939999999999998,8.709,1.3341664064126335,1.3341664064126335
1.4939999999999998,8.759,1.3462912017836262,1.3462912017836262
1.5440000000000005,8.809000000000001,1.3,1.3
1.5440000000000005,8.858999999999998,1.3009611831257688,1.3009611831257688
1.5440000000000005,8.908999999999999,1.30384048104053,1.30384048104053
1.5440000000000005,8.959,1.3086252328302401,1.3086252328302401
1.5940000000000012,9.009,1.2658988901172163,1.2658988901172163
1.5940000000000012,9.059000000000001,1.2589678312014172,1.2589678312014172
1.5940000000000012,9.108999999999998,1.2539936203984454,1.2539936203984454
1.5940000000000012,9.158999999999999,1.2509996003196804,1.2509996003196804
1.5940000000000012,9.209,1.25,1.25
1.5940000000000012,9.259,1.25,1.25
1.5940000000000012,9.309000000000001,1.25,1.25
1.5940000000000012,9.358999999999998,1.25,1.25
1.5940000000000012,9.408999999999999,1.25,1.25
1.5940000000000012,9.459,1.25,1.25
1.5940000000000012,9.509,1.2369316876852983,1.2369316876852983
1.5940000000000012,9.559000000000001,1.2257650672131264,1.2257650672131264
1.5940000000000012,9.608999999999998,1.216552506059644,1.216552506059644
1.5940000000000012,9.658999999999999,1.2093386622447824,1.2093386622447824
1.5940000000000012,9.709,1.2041594578792296,1.2041594578792296
1.5940000000000012,9.759,1.2010412149464313,1.2010412149464313
1.5940000000000012,9.809000000000001,1.1884864324004714,1.1884864324004714
1.5940000000000012,9.858999999999998,1.176860229593982,1.176860229593982
1.5940000000000012,9.908999999999999,1.1672617529928753,1.1672617529928753
1.5940000000000012,9.959,1.1597413504743201,1.1597413504743201
1.5940000000000012,10.009,1.1543396380615196,1.1543396380615196
1.5940000000000012,10.059000000000001,1.1510864433221337,1.1510864433221337
1.5940000000000012,10.108999999999998,1.1500000000000001,1.1500000000000001
1.5940000000000012,10.158999999999999,1.1500000000000001,1.1500000000000001
1.5940000000000012,10.209,1.1500000000000001,1.1500000000000001
1.5940000000000012,10.259,1.1500000000000001,1.1500000000000001
1.5940000000000012,10.309000000000001,1.1500000000000001,1.1500000000000001
1.5940000000000012,10.358999999999998,1.1500000000000001,1.1500000000000001
1.5940000000000012,10.408999999999999,1.1500000000000001,1.1500000000000001
1.5940000000000012,10.459,1.1500000000000001,1.1500000000000001
1.5940000000000012,10.509,1.1510864433221337,1.1510864433221337
1.5940000000000012,10.559000000000001,1.1543396380615196,1.1543396380615196
1.5940000000000012,10.608999999999998,1.1597413504743201,1.1597413504743201
1.5940000000000012,10.658999999999999,1.1672617529928753,1.1672617529928753
1.5940000000000012,10.709,1.176860229593982,1.176860229593982
1.5940000000000012,10.759,1.1884864324004714,1.1884864324004714
1.5940000000000012,10.809000000000001,1.2000000000000002,1.2000000000000002
1.5940000000000012,10.858999999999998,1.1884864324004714,1.1884864324004714
1.5940000000000012,10.908999999999999,1.176860229593982,1.176860229593982
1.5940000000000012,10.959,1.1672617529928753,1.1672617529928753
1.5440000000000005,11.009,1.2020815280171309,1.2020815280171309
1.5440000000000005,11.059000000000001,1.2041594578792296,1.2041594578792296
1.5440000000000005,11.108999999999998,1.2010412149464313,1.2010412149464313
1.4939999999999998,11.158999999999999,1.2020815280171309,1.2020815280171309
1.4939999999999998,11.209,1.2175795661885922,1.2175795661885922
1.4939999999999998,11.259,1.2349089035228469,1.2349089035228469
1.4440000000000008,11.309000000000001,1.2083045973594573,1.2083045973594573
1.4440000000000008,11.358999999999998,1.2298373876248845,1.2298373876248845
1.4440000000000008,11.408999999999999,1.252996408614167,1.252996408614167
1.3940000000000001,11.459,1.2298373876248845,1.2298373876248845
1.3940000000000001,11.509,1.252996408614167,1.252996408614167
1.3440000000000012,11.559000000000001,1.2298373876248845,1.2298373876248845
1.3440000000000012,11.608999999999998,1.2419742348374223,1.2419742348374223
1.2940000000000005,11.658999999999999,1.2349089035228469,1.2349089035228469
1.2439999999999998,11.709,1.2206555615733703,1.2206555615733703
1.1940000000000008,11.759,1.2083045973594573,1.2083045973594573
1.1440000000000001,11.809000000000001,1.1853269591129698,1.1853269591129698
1.1440000000000001,11.859000000000002,1.2093386622447824,1.2093386622447824
1.0940000000000012,11.908999999999999,1.1926860441876563,1.1926860441876563
1.0440000000000005,11.959,1.1800423721205948,1.1800423721205948
1.0440000000000005,12.009,1.1926860441876563,1.1926860441876563
0.9939999999999998,12.059000000000001,1.1704699910719627,1.1704699910719627
0.9440000000000008,12.109000000000002,1.1423659658795864,1.1423659658795864
0.8940000000000001,12.158999999999999,1.118033988749895,1.118033988749895
0.8440000000000012,12.158999999999999,1.1236102527122116,1.1236102527122116
0.7940000000000005,12.209,1.110180165558726,1.110180165558726
0.7439999999999998,12.259,1.0977249200050074,1.0977249200050074
0.6940000000000008,12.309000000000001,1.0816653826391969,1.0816653826391969
0.6440000000000001,12.309000000000001,1.0606601717798214,1.0606601717798214
0.5940000000000012,12.359000000000002,1.063014581273465,1.063014581273465
0.5440000000000005,12.408999999999999,1.063014581273465,1.063014581273465
0.4939999999999998,12.459,1.0547511554864495,1.0547511554864495
0.44400000000000084,12.509,1.0404326023342407,1.0404326023342407
0.39400000000000013,12.559000000000001,1.0295630140987002,1.0295630140987002
0.3440000000000012,12.609000000000002,1.0124228365658294,1.0124228365658294
0.2940000000000005,12.609000000000002,1.0259142264341596,1.0259142264341596
0.24399999999999977,12.658999999999999,1.0259142264341596,1.0259142264341596
0.19400000000000084,12.709,0.9962429422585638,0.9962429422585638
0.14400000000000013,12.759,0.9500000000000001,0.9500000000000001
0.0940000000000012,12.759,0.9500000000000001,0.9500000000000001
0.04400000000000048,12.809000000000001,0.9,0.9
-0.006000000000000227,12.809000000000001,0.9,0.9
-0.05599999999999916,12.859000000000002,0.8500000000000001,0.8500000000000001
-0.10599999999999987,12.859000000000002,0.8500000000000001,0.8500000000000001
-0.1559999999999988,12.859000000000002,0.8500000000000001,0.8500000000000001
-0.20599999999999952,12.859000000000002,0.8500000000000001,0.8500000000000001
-0.2560000000000002,12.908999999999999,0.8,0.8
-0.30599999999999916,12.908999999999999,0.8,0.8
-0.35599999999999987,12.908999999999999,0.8,0.8
-0.4059999999999988,12.908999999999999,0.8,0.8
-0.4559999999999995,12.908999999999999,0.8,0.8
-0.5060000000000002,12.908999999999999,0.8,0.8
-0.5559999999999992,12.908999999999999,0.8,0.8
-0.6059999999999999,12.908999999999999,0.8,0.8
-0.6559999999999988,12.908999999999999,0.7905694150420949,0.7905694150420949
-0.7059999999999995,12.908999999999999,0.7762087348130012,0.7762087348130012
-0.7560000000000002,12.908999999999999,0.7648529270389178,0.7648529270389178
-0.8059999999999992,12.908999999999999,0.7566372975210779,0.7566372975210779
-0.8559999999999999,12.959,0.70178344238091,0.70178344238091
-0.9059999999999988,12.959,0.7000000000000001,0.7000000000000001
-0.9559999999999995,12.959,0.7000000000000001,0.7000000000000001
-1.0060000000000002,12.959,0.7000000000000001,0.7000000000000001
-1.0559999999999992,12.959,0.7000000000000001,0.7000000000000001
-1.1059999999999999,12.959,0.7000000000000001,0.7000000000000001
-1.1559999999999988,12.959,0.7000000000000001,0.7000000000000001
-1.2059999999999995,12.959,0.7000000000000001,0.7000000000000001
-1.2560000000000002,12.959,0.7000000000000001,0.7000000000000001
-1.3059999999999992,12.959,0.7000000000000001,0.7000000000000001
-1.3559999999999999,12.959,0.7000000000000001,0.7000000000000001
-1.4059999999999988,13.009,0.65,0.65
-1.4559999999999995,13.009,0.65,0.65
-1.5060000000000002,13.009,0.65,0.65
-1.5559999999999992,13.009,0.65,0.65
-1.6059999999999999,13.009,0.65,0.65
-1.6560000000000006,13.009,0.632455532033676,0.632455532033676
-1.7059999999999995,13.009,0.6184658438426491,0.6184658438426491
-1.7560000000000002,13.009,0.608276253029822,0.608276253029822
-1.8059999999999992,13.009,0.6020797289396148,0.6020797289396148
-1.8559999999999999,13.009,0.6000000000000001,0.6000000000000001
-1.9060000000000006,13.009,0.6000000000000001,0.6000000000000001
-1.9559999999999995,13.009,0.6000000000000001,0.6000000000000001
-2.0060000000000002,13.009,0.6000000000000001,0.6000000000000001
-2.055999999999999,13.009,0.6000000000000001,0.6000000000000001
-2.106,13.009,0.6000000000000001,0.6000000000000001
-2.1560000000000006,13.009,0.6000000000000001,0.6000000000000001
-2.2059999999999995,13.009,0.6000000000000001,0.6000000000000001
-2.2560000000000002,13.009,0.6000000000000001,0.6000000000000001
-2.305999999999999,13.009,0.6000000000000001,0.6000000000000001
-2.356,13.009,0.6000000000000001,0.6000000000000001
-2.4060000000000006,13.009,0.6000000000000001,0.6000000000000001
-2.4559999999999995,13.009,0.6000000000000001,0.6000000000000001
-2.5060000000000002,13.009,0.6000000000000001,0.6000000000000001
-2.555999999999999,13.009,0.6000000000000001,0.6000000000000001
-2.606,13.009,0.6000000000000001,0.6000000000000001
-2.6560000000000006,13.009,0.6000000000000001,0.6000000000000001
-2.7059999999999995,13.009,0.6000000000000001,0.6000000000000001
-2.7560000000000002,13.009,0.6000000000000001,0.6000000000000001
-2.805999999999999,13.009,0.6000000000000001,0.6000000000000001
-2.856,13.009,0.6000000000000001,0.6000000000000001
-2.9060000000000006,13.009,0.6000000000000001,0.6000000000000001
-2.9559999999999995,13.009,0.6000000000000001,0.6000000000000001
-3.0060000000000002,13.009,0.6000000000000001,0.6000000000000001
-3.056,13.009,0.6000000000000001,0.6000000000000001
-3.106,13.009,0.6000000000000001,0.6000000000000001
-3.1559999999999997,13.009,0.6000000000000001,0.6000000000000001
-3.2059999999999995,13.009,0.6000000000000001,0.6000000000000001
-3.2560000000000002,13.009,0.6000000000000001,0.6000000000000001
-3.306,13.009,0.6000000000000001,0.6000000000000001
-3.356,13.009,0.6000000000000001,0.6000000000000001
-3.4059999999999997,13.009,0.6000000000000001,0.6000000000000001
-3.4559999999999995,13.009,0.6000000000000001,0.6000000000000001
-3.5060000000000002,13.009,0.6000000000000001,0.6000000000000001
-3.556,13.009,0.6000000000000001,0.6000000000000001
-3.606,13.009,0.6000000000000001,0.6000000000000001
-3.6559999999999997,13.009,0.6000000000000001,0.6000000000000001
-3.7059999999999995,13.009,0.6000000000000001,0.6000000000000001
-3.7560000000000002,13.009,0.6000000000000001,0.6000000000000001
-3.806,13.009,0.6000000000000001,0.6000000000000001
-3.856,13.009,0.6000000000000001,0.6000000000000001
-3.9059999999999997,13.009,0.6000000000000001,0.6000000000000001
-3.9559999999999995,13.009,0.6000000000000001,0.6000000000000001
-4.006,13.009,0.6000000000000001,0.6000000000000001
-4.056,13.009,0.6000000000000001,0.6000000000000001
-4.106,13.009,0.6000000000000001,0.6000000000000001
-4.156,13.009,0.6000000000000001,0.6000000000000001
-4.2059999999999995,13.009,0.6000000000000001,0.6000000000000001
-4.256,13.009,0.6000000000000001,0.6000000000000001
-4.306,13.009,0.6000000000000001,0.6000000000000001
-4.356,13.009,0.6000000000000001,0.6000000000000001
-4.406,13.009,0.6000000000000001,0.6000000000000001
-4.4559999999999995,12.959,0.6000000000000001,0.6000000000000001
-4.506,12.959,0.6000000000000001,0.6000000000000001
-4.556,12.959,0.6020797289396148,0.6020797289396148
-4.606,12.959,0.608276253029822,0.608276253029822
-4.656,12.959,0.608276253029822,0.608276253029822
-4.7059999999999995,12.959,0.6020797289396148,0.6020797289396148
-4.756,12.959,0.6000000000000001,0.6000000000000001
-4.806,12.959,0.6000000000000001,0.6000000000000001
-4.856,12.959,0.6000000000000001,0.6000000000000001
-4.906,12.908999999999999,0.6000000000000001,0.6000000000000001
-4.9559999999999995,12.908999999999999,0.6000000000000001,0.6000000000000001
-5.006,12.908999999999999,0.6000000000000001,0.6000000000000001
-5.056,12.908999999999999,0.6000000000000001,0.6000000000000001
-5.106,12.908999999999999,0.6000000000000001,0.6000000000000001
-5.156,12.908999999999999,0.6000000000000001,0.6000000000000001
-5.2059999999999995,12.908999999999999,0.6000000000000001,0.6000000000000001
-5.256,12.908999999999999,0.6000000000000001,0.6000000000000001
-5.306,12.908999999999999,0.6000000000000001,0.6000000000000001
-5.356,12.908999999999999,0.6000000000000001,0.6000000000000001
-5.406,12.908999999999999,0.6000000000000001,0.6000000000000001
-5.4559999999999995,12.908999999999999,0.6000000000000001,0.6000000000000001
-5.506,12.908999999999999,0.6000000000000001,0.6000000000000001
-5.556,12.908999999999999,0.6000000000000001,0.6000000000000001
-5.606,12.908999999999999,0.6000000000000001,0.6000000000000001
-5.656,12.908999999999999,0.6000000000000001,0.6000000000000001
-5.7059999999999995,12.908999999999999,0.6000000000000001,0.6000000000000001
-5.756,12.908999999999999,0.6000000000000001,0.6000000000000001
-5.806,12.908999999999999,0.6000000000000001,0.6000000000000001
-5.856,12.908999999999999,0.6000000000000001,0.6000000000000001
-5.906,12.908999999999999,0.6000000000000001,0.6000000000000001
-5.9559999999999995,12.908999999999999,0.6000000000000001,0.6000000000000001
-6.006,12.908999999999999,0.6000000000000001,0.6000000000000001
-6.056,12.908999999999999,0.6020797289396148,0.6020797289396148
-6.106,12.908999999999999,0.608276253029822,0.608276253029822
-6.156,12.908999999999999,0.608276253029822,0.608276253029822
-6.2059999999999995,12.908999999999999,0.6020797289396148,0.6020797289396148
-6.256,12.908999999999999,0.6000000000000001,0.6000000000000001
-6.306,12.908999999999999,0.6000000000000001,0.6000000000000001
-6.356,12.908999999999999,0.6000000000000001,0.6000000000000001
-6.406,12.859000000000002,0.65,0.65
-6.456,12.859000000000002,0.65,0.65
-6.506,12.859000000000002,0.65,0.65
-6.556,12.809000000000001,0.608276253029822,0.608276253029822
-6.606,12.809000000000001,0.6020797289396148,0.6020797289396148
-6.656,12.809000000000001,0.6000000000000001,0.6000000000000001
-6.706,12.809000000000001,0.6000000000000001,0.6000000000000001
-6.756,12.809000000000001,0.6000000000000001,0.6000000000000001
-6.806,12.809000000000001,0.6000000000000001,0.6000000000000001
-6.856,12.809000000000001,0.6000000000000001,0.6000000000000001
-6.906,12.809000000000001,0.6000000000000001,0.6000000000000001
-6.956,12.809000000000001,0.6000000000000001,0.6000000000000001
-7.006,12.809000000000001,0.6000000000000001,0.6000000000000001
-7.056,12.809000000000001,0.6000000000000001,0.6000000000000001
-7.106,12.809000000000001,0.6020797289396148,0.6020797289396148
-7.156000000000001,12.809000000000001,0.608276253029822,0.608276253029822
-7.2059999999999995,12.809000000000001,0.6184658438426491,0.6184658438426491
-7.256,12.809000000000001,0.6184658438426491,0.6184658438426491
-7.306,12.809000000000001,0.608276253029822,0.608276253029822
-7.356,12.759,0.6264982043070835,0.6264982043070835
-7.406000000000001,12.759,0.65,0.65
-7.4559999999999995,12.709,0.6403124237432849,0.6403124237432849
-7.506,12.709,0.6670832032063168,0.6670832032063168
-7.556,12.658999999999999,0.6726812023536856,0.6726812023536856
-7.606,12.658999999999999,0.651920240520265,0.651920240520265
-7.656000000000001,12.609000000000002,0.670820393249937,0.670820393249937
-7.7059999999999995,12.559000000000001,0.696419413859206,0.696419413859206
-7.756,12.509,0.7106335201775948,0.7106335201775948
-7.806,12.459,0.7211102550927979,0.7211102550927979
-7.856,12.408999999999999,0.7211102550927979,0.7211102550927979
-7.856,12.359000000000002,0.7158910531638177,0.7158910531638177
-7.906000000000001,12.309000000000001,0.7433034373659253,0.7433034373659253
-7.906000000000001,12.259,0.7280109889280518,0.7280109889280518
-7.906000000000001,12.209,0.7158910531638177,0.7158910531638177
-7.906000000000001,12.158999999999999,0.7071067811865476,0.7071067811865476
-7.9559999999999995,12.109000000000002,0.7516648189186454,0.7516648189186454
-7.9559999999999995,12.059000000000001,0.75,0.75
-7.9559999999999995,12.009,0.75,0.75
-7.9559999999999995,11.959,0.75,0.75
-8.006,11.908999999999999,0.8,0.8
-8.006,11.859000000000002,0.8,0.8
-8.006,11.809000000000001,0.8,0.8
-8.006,11.759,0.8,0.8
